,ls,NumEvents,Total_DigiOccupancy,Max_DigiOccupancy,RunId
0,1,643,2252737,643,324022
1,2,1924,6751370,1924,324022
2,3,1858,6516917,1858,324022
3,4,1867,6523648,1867,324022
4,5,1831,6414513,1831,324022
5,6,1905,6669406,1905,324022
6,7,1915,6703759,1915,324022
7,8,1961,6875832,1961,324022
8,9,1890,6610281,1890,324022
9,10,1897,6621781,1897,324022
10,11,1873,6534351,1873,324022
11,12,1887,6594463,1887,324022
12,13,1897,6636203,1897,324022
13,14,1900,6649155,1900,324022
14,15,1886,6595041,1886,324022
15,16,1879,6565949,1879,324022
16,17,1889,6593524,1889,324022
17,18,1895,6638250,1895,324022
18,19,1877,6565931,1877,324022
19,20,1898,6625978,1898,324022
20,21,1906,6670770,1906,324022
21,22,1905,6652477,1905,324022
22,23,1903,6654610,1903,324022
23,24,1906,6660060,1906,324022
24,25,1905,6639943,1905,324022
25,26,1977,6944582,1977,324022
26,27,1904,6675483,1904,324022
27,28,1876,6542007,1876,324022
28,29,1824,6357018,1824,324022
29,30,1897,6628646,1897,324022
30,31,1870,6513141,1870,324022
31,32,1918,6698469,1918,324022
32,33,1939,6753952,1939,324022
33,34,1973,6899329,1973,324022
34,35,1919,6681424,1919,324022
35,36,1850,6435908,1850,324022
36,37,1932,6731791,1932,324022
37,38,1877,6534961,1877,324022
38,39,1980,6907028,1980,324022
39,40,1868,6493193,1868,324022
40,41,1830,6376359,1830,324022
41,42,1887,6562498,1887,324022
42,43,1933,6738695,1933,324022
43,44,1986,6931775,1986,324022
44,45,1909,6641421,1909,324022
45,46,1943,6773491,1943,324022
46,47,1907,6641226,1907,324022
47,48,1835,6391459,1835,324022
48,49,1907,6638676,1907,324022
49,50,1980,6904953,1980,324022
50,51,1908,6653172,1908,324022
51,52,1867,6503590,1867,324022
52,53,1879,6518392,1879,324022
53,54,1942,6760961,1942,324022
54,55,1906,6612756,1906,324022
55,56,1980,6896131,1980,324022
56,57,1856,6459595,1856,324022
57,58,1866,6498451,1866,324022
58,59,1927,6706356,1927,324022
59,60,1929,6682261,1929,324022
60,61,1846,6406502,1846,324022
61,62,1898,6602694,1898,324022
62,63,1943,6764995,1943,324022
63,64,1861,6482712,1861,324022
64,65,2004,6983002,2004,324022
65,66,1901,6583482,1901,324022
66,67,1921,6657824,1921,324022
67,68,1853,6454733,1853,324022
68,69,1881,6530020,1881,324022
69,70,1959,6789247,1959,324022
70,71,1947,6755477,1947,324022
71,72,1868,6486384,1868,324022
72,73,1932,6714374,1932,324022
73,74,1793,6209932,1793,324022
74,75,1866,6438522,1866,324022
75,76,1911,6632854,1911,324022
76,77,1909,6618851,1909,324022
77,78,1900,6587297,1900,324022
78,79,1825,6310639,1825,324022
79,80,1881,6533333,1881,324022
80,81,1912,6619865,1912,324022
81,82,1881,6525361,1881,324022
82,83,1889,6551855,1889,324022
83,84,1924,6668217,1924,324022
84,85,1926,6677998,1926,324022
85,86,1893,6556889,1893,324022
86,87,1927,6675150,1927,324022
87,88,1972,6820896,1972,324022
88,89,1865,6458722,1865,324022
89,90,1900,6574331,1900,324022
90,91,1941,6733567,1941,324022
91,92,1880,6489170,1880,324022
92,93,1975,6829450,1975,324022
93,94,1925,6670659,1925,324022
94,95,1877,6498837,1877,324022
95,96,1908,6630373,1908,324022
96,97,1927,6672641,1927,324022
97,98,1930,6686797,1930,324022
98,99,1940,6702837,1940,324022
99,100,1856,6428926,1856,324022
100,101,1902,6605162,1902,324022
101,102,1939,6703494,1939,324022
102,103,1888,6514996,1888,324022
103,104,1841,6341774,1841,324022
104,105,1860,6439922,1860,324022
105,106,1920,6634832,1920,324022
106,107,1897,6561589,1897,324022
107,108,1887,6531719,1887,324022
108,109,1885,6504285,1885,324022
109,110,1820,6279312,1820,324022
110,111,1903,6575590,1903,324022
111,112,1954,6773245,1954,324022
112,113,1934,6673808,1934,324022
113,114,1831,6319111,1831,324022
114,115,1907,6598390,1907,324022
115,116,1894,6532505,1894,324022
116,117,1997,6897983,1997,324022
117,118,1848,6356558,1848,324022
118,119,1974,6826591,1974,324022
119,120,1879,6445391,1879,324022
120,121,1952,6741532,1952,324022
121,122,1899,6545186,1899,324022
122,123,2006,6899572,2006,324022
123,124,1801,6195353,1801,324022
124,125,1964,6763455,1964,324022
125,126,1977,6817879,1977,324022
126,127,1830,6314071,1830,324022
127,128,1924,6624936,1924,324022
128,129,1921,6622495,1921,324022
129,130,1939,6665014,1939,324022
130,131,1840,6317779,1840,324022
131,132,1967,6785843,1967,324022
132,133,1894,6521071,1894,324022
133,134,1911,6581820,1911,324022
134,135,1905,6558819,1905,324022
135,136,1906,6546164,1906,324022
136,137,1840,6337448,1840,324022
137,138,1908,6540362,1908,324022
138,139,1916,6606049,1916,324022
139,140,1893,6507931,1893,324022
140,141,1900,6520622,1900,324022
141,142,1867,6442354,1867,324022
142,143,1904,6524642,1904,324022
143,144,1931,6637724,1931,324022
144,145,1913,6556587,1913,324022
145,146,1940,6672444,1940,324022
146,147,1885,6460779,1885,324022
147,148,1928,6645980,1928,324022
148,149,1901,6541425,1901,324022
149,150,1880,6441647,1880,324022
150,151,1887,6484171,1887,324022
151,152,1947,6709193,1947,324022
152,153,1877,6432917,1877,324022
153,154,1963,6770522,1963,324022
154,155,1810,6224948,1810,324022
155,156,1987,6825955,1987,324022
156,157,1852,6344626,1852,324022
157,158,1149,3930812,1149,324022
158,159,1891,6487027,1891,324022
159,160,1908,6525074,1908,324022
160,161,1924,6621655,1924,324022
161,162,1875,6431037,1875,324022
162,163,1908,6552281,1908,324022
163,164,1906,6547104,1906,324022
164,165,1920,6581866,1920,324022
165,166,1912,6568693,1912,324022
166,167,1910,6554802,1910,324022
167,168,1869,6393566,1869,324022
168,169,1928,6549434,1928,324022
169,170,1840,6253450,1840,324022
170,171,1951,6554645,1951,324022
171,172,1894,6445959,1894,324022
172,173,1884,6463140,1884,324022
173,174,1906,6522493,1906,324022
174,175,1957,6702942,1957,324022
175,176,1912,6555116,1912,324022
176,177,1948,6696279,1948,324022
177,178,1863,6392252,1863,324022
178,179,1926,6587728,1926,324022
179,180,1872,6422208,1872,324022
180,181,1842,6292835,1842,324022
181,182,1973,6764647,1973,324022
182,183,1828,6252703,1828,324022
183,184,1838,6273544,1838,324022
184,185,1905,6494930,1905,324022
185,186,1875,6410445,1875,324022
186,187,1935,6631505,1935,324022
187,188,1919,6570397,1919,324022
188,189,1934,6630151,1934,324022
189,190,1781,6073163,1781,324022
190,191,1885,6446468,1885,324022
191,192,1854,6326042,1854,324022
192,193,1858,6344211,1858,324022
193,194,1917,6554699,1917,324022
194,195,1929,6585601,1929,324022
195,196,1962,6708701,1962,324022
196,197,1867,6371045,1867,324022
197,198,1850,6312553,1850,324022
198,199,1973,6764445,1973,324022
199,200,1906,6504229,1906,324022
200,201,1891,6470671,1891,324022
201,202,1868,6391551,1868,324022
202,203,1911,6553192,1911,324022
203,204,1964,6697925,1964,324022
204,205,1868,6373026,1868,324022
205,206,1911,6507595,1911,324022
206,207,1906,6499219,1906,324022
207,208,1878,6393071,1878,324022
208,209,1941,6655484,1941,324022
209,210,1846,6285653,1846,324022
210,211,1916,6531215,1916,324022
211,212,1794,6098805,1794,324022
212,213,1805,6119422,1805,324022
213,214,1870,6380730,1870,324022
214,215,1906,6482540,1906,324022
215,216,1891,6439087,1891,324022
216,217,1969,6740014,1969,324022
217,218,1913,6526907,1913,324022
218,219,1861,6357677,1861,324022
219,220,1941,6601678,1941,324022
220,221,1911,6502422,1911,324022
221,222,1981,6747519,1981,324022
222,223,1872,6351459,1872,324022
223,224,1885,6406951,1885,324022
224,225,1921,6552908,1921,324022
225,226,1913,6506477,1913,324022
226,227,1922,6549484,1922,324022
227,228,1935,6597382,1935,324022
228,229,1959,6678221,1959,324022
229,230,1893,6432915,1893,324022
230,231,1864,6326673,1864,324022
231,232,1943,6617170,1943,324022
232,233,1896,6428669,1896,324022
233,234,1794,6109227,1794,324022
234,235,1968,6699518,1968,324022
235,236,1896,6451400,1896,324022
236,237,1860,6278199,1860,324022
237,238,1923,6519859,1923,324022
238,239,1969,6692923,1969,324022
239,240,1937,6583046,1937,324022
240,241,1897,6447947,1897,324022
241,242,1865,6338274,1865,324022
242,243,1953,6648043,1953,324022
243,244,1899,6441137,1899,324022
244,245,1861,6302611,1861,324022
245,246,1855,6293961,1855,324022
246,247,1893,6410851,1893,324022
247,248,1866,6310009,1866,324022
248,249,1899,6461430,1899,324022
249,250,1894,6426631,1894,324022
250,251,1834,6191278,1834,324022
251,252,1831,6198164,1831,324022
252,253,1936,6565718,1936,324022
253,254,1804,6107374,1804,324022
254,255,1883,6410049,1883,324022
255,256,1925,6538255,1925,324022
256,257,1931,6528696,1931,324022
257,258,1913,6449978,1912,324022
258,259,1958,6659161,1958,324022
259,260,1892,6405705,1892,324022
260,261,1949,6608179,1949,324022
261,262,1839,6236980,1839,324022
262,263,1849,6239369,1849,324022
263,264,1931,6560533,1931,324022
264,265,1870,6345411,1870,324022
265,266,1910,6473107,1910,324022
266,267,1936,6554942,1936,324022
267,268,1907,6456787,1907,324022
268,269,1890,6389772,1890,324022
269,270,1914,6454371,1914,324022
270,271,2004,6785780,2004,324022
271,272,1952,6578840,1952,324022
272,273,1964,6650959,1964,324022
273,274,1959,6622817,1959,324022
274,275,1827,6178662,1827,324022
275,276,1891,6398531,1891,324022
276,277,1889,6380332,1889,324022
277,278,1869,6301170,1869,324022
278,279,1773,5971902,1773,324022
279,280,1907,6434804,1907,324022
280,281,1958,6594739,1958,324022
281,282,2015,6814060,2015,324022
282,283,1920,6469845,1920,324022
283,284,1873,6320279,1873,324022
284,285,1913,6459397,1913,324022
285,286,1851,6228361,1851,324022
286,287,1905,6409859,1905,324022
287,288,1839,6202330,1839,324022
288,289,1899,6392346,1899,324022
289,290,1844,6192010,1844,324022
290,291,1861,6260248,1861,324022
291,292,1894,6378021,1894,324022
292,293,1845,6209356,1845,324022
293,294,1888,6357209,1888,324022
294,295,1901,6406988,1901,324022
295,296,1877,6339994,1877,324022
296,297,1877,6331165,1877,324022
297,298,1951,6559064,1951,324022
298,299,1885,6355094,1885,324022
299,300,1914,6457363,1914,324022
300,301,1893,6361103,1893,324022
301,302,1967,6637282,1967,324022
302,303,1939,6538187,1939,324022
303,304,1965,6627060,1965,324022
304,305,1864,6283320,1864,324022
305,306,1938,6534222,1938,324022
306,307,1879,6301632,1879,324022
307,308,1899,6399334,1899,324022
308,309,1920,6465168,1920,324022
309,310,1894,6368946,1894,324022
310,311,1905,6394512,1905,324022
311,312,1876,6291916,1876,324022
312,313,1840,6175218,1840,324022
313,314,1168,3937661,1168,324022
314,315,1936,6517517,1936,324022
315,316,1913,6420592,1913,324022
316,317,1914,6438403,1914,324022
317,318,1892,6338193,1892,324022
318,319,1903,6405245,1903,324022
319,320,1873,6277092,1873,324022
320,321,1841,6174359,1841,324022
321,322,1929,6489235,1929,324022
322,323,1918,6431236,1918,324022
323,324,1873,6260096,1872,324022
324,325,1847,6165247,1847,324022
325,326,1912,6438081,1912,324022
326,327,1898,6357067,1898,324022
327,328,1912,6403151,1912,324022
328,329,1909,6406783,1909,324022
329,330,1922,6456268,1922,324022
330,331,1882,6316259,1882,324022
331,332,1889,6341658,1889,324022
332,333,1867,6249128,1867,324022
333,334,1902,6379922,1902,324022
334,335,1917,6438395,1916,324022
335,336,1896,6352508,1896,324022
336,337,1880,6295786,1880,324022
337,338,1919,6429605,1919,324022
338,339,1922,6444258,1922,324022
339,340,1994,6696801,1994,324022
340,341,1836,6144419,1836,324022
341,342,1903,6374934,1903,324022
342,343,1922,6451135,1922,324022
343,344,1887,6317325,1887,324022
344,345,1815,6060073,1815,324022
345,346,1908,6370317,1908,324022
346,347,1891,6340808,1891,324022
347,348,1923,6437887,1923,324022
348,349,1904,6383003,1904,324022
349,350,1937,6493529,1937,324022
350,351,1930,6475493,1930,324022
351,352,1902,6363564,1902,324022
352,353,1911,6404160,1911,324022
353,354,1893,6326671,1893,324022
354,355,1931,6454588,1931,324022
355,356,1916,6405209,1916,324022
356,357,1854,6193199,1854,324022
357,358,1907,6365702,1907,324022
358,359,1854,6177222,1853,324022
359,360,1928,6422097,1928,324022
360,361,1928,6442099,1928,324022
361,362,1936,6455180,1936,324022
362,363,1845,6172285,1845,324022
363,364,1901,6333589,1901,324022
364,365,1921,6412734,1921,324022
365,366,1933,6450180,1933,324022
366,367,1957,6545908,1957,324022
367,368,1840,6112666,1840,324022
368,369,1839,6122708,1839,324022
369,370,1908,6368952,1908,324022
370,371,1923,6410092,1923,324022
371,372,1997,6683000,1997,324022
372,373,1827,6077857,1827,324022
373,374,1925,6404512,1925,324022
374,375,1847,6159692,1847,324022
375,376,1867,6230264,1867,324022
376,377,1975,6585473,1974,324022
377,378,1808,6022859,1808,324022
378,379,1892,6297645,1892,324022
379,380,1956,6523829,1956,324022
380,381,1949,6500067,1949,324022
381,382,1945,6488537,1945,324022
382,383,1920,6392559,1920,324022
383,384,1891,6260321,1891,324022
384,385,1949,6479336,1949,324022
385,386,1901,6320809,1901,324022
386,387,1871,6218961,1871,324022
387,388,1786,5932170,1786,324022
388,389,1987,6591438,1986,324022
389,390,1908,6342503,1908,324022
390,391,1875,6230196,1875,324022
391,392,1844,6130499,1844,324022
392,393,1951,6504640,1951,324022
393,394,1886,6258538,1886,324022
394,395,1919,6379853,1919,324022
395,396,1877,6222738,1877,324022
396,397,1947,6478763,1947,324022
397,398,1840,6128140,1840,324022
398,399,1876,6221807,1875,324022
399,400,1857,6157922,1857,324022
400,401,1959,6519703,1959,324022
401,402,1873,6222332,1873,324022
402,403,1888,6273634,1887,324022
403,404,1870,6202432,1870,324022
404,405,1887,6264135,1887,324022
405,406,1924,6397311,1923,324022
406,407,1970,6559280,1970,324022
407,408,1897,6278418,1897,324022
408,409,1896,6278383,1896,324022
409,410,1898,6315258,1898,324022
410,411,1878,5029352,1726,324022
411,412,1931,3416606,1602,324022
412,413,1951,5186969,1926,324022
413,414,1901,6123034,1900,324022
414,415,1918,6242537,1917,324022
415,416,1976,5378229,1952,324022
416,417,1941,3586777,1688,324022
417,418,1898,5069506,1777,324022
418,419,1942,3509027,1664,324022
419,420,1936,5049824,1909,324022
420,421,1880,6059700,1880,324022
421,422,1907,6152569,1907,324022
422,423,1927,5080133,1899,324022
423,424,1979,3614787,1697,324022
424,425,1905,5842416,1868,324022
425,426,1902,6290596,1902,324022
426,427,1912,6326749,1912,324022
427,428,1950,6457920,1950,324022
428,429,1844,6098605,1844,324022
429,430,1886,6233897,1886,324022
430,431,1894,6260524,1894,324022
431,432,1904,6303991,1904,324022
432,433,1925,6362457,1925,324022
433,434,1886,6233932,1885,324022
434,435,1944,6418923,1944,324022
435,436,1884,6228812,1884,324022
436,437,1936,6397274,1936,324022
437,438,1936,6404466,1936,324022
438,439,1892,6251724,1892,324022
439,440,1933,6398677,1933,324022
440,441,1548,5116002,1548,324022
441,442,1383,4558783,1383,324022
442,443,1788,5894206,1788,324022
443,444,1885,6235874,1885,324022
444,445,1923,6356489,1923,324022
445,446,1933,6411579,1933,324022
446,447,1872,6171808,1872,324022
447,448,1889,6218616,1889,324022
448,449,1922,6336044,1921,324022
449,450,1883,6205385,1883,324022
450,451,1889,6233384,1889,324022
451,452,1973,6500889,1973,324022
452,453,1361,4485758,1361,324022
453,454,1898,6258173,1898,324022
454,455,1879,6206145,1879,324022
455,456,1979,6519402,1979,324022
456,457,1926,6334905,1926,324022
457,458,1907,6301714,1907,324022
458,459,1936,6386146,1935,324022
459,460,1961,6477265,1961,324022
460,461,1886,6216330,1886,324022
461,462,1966,6485232,1966,324022
462,463,1920,6305954,1919,324022
463,464,1862,6146993,1862,324022
464,465,1823,5987171,1823,324022
465,466,1851,6116176,1851,324022
466,467,1920,6322091,1919,324022
467,468,1936,6375689,1936,324022
468,469,1954,6433974,1953,324022
469,470,1931,6336433,1929,324022
470,471,1846,6086041,1846,324022
471,472,1840,6050775,1840,324022
472,473,1893,6205629,1892,324022
473,474,1868,6125367,1868,324022
474,475,1906,6270039,1906,324022
475,476,1984,6541048,1984,324022
476,477,1936,6370232,1936,324022
477,478,1913,6303200,1913,324022
478,479,1918,6305638,1917,324022
479,480,1936,6383683,1936,324022
480,481,1845,6048161,1845,324022
481,482,1865,6113943,1865,324022
482,483,1886,6183185,1885,324022
483,484,1899,6238309,1899,324022
484,485,1890,6219989,1890,324022
485,486,1942,6381655,1941,324022
486,487,1922,6293761,1921,324022
487,488,1919,6301900,1919,324022
488,489,1906,6262689,1906,324022
489,490,1857,6091664,1857,324022
490,491,1865,6117978,1865,324022
491,492,1896,6188906,1896,324022
492,493,1933,6338585,1932,324022
493,494,1895,6215111,1895,324022
494,495,1908,6268766,1908,324022
495,496,1967,6465164,1967,324022
496,497,1900,6253307,1900,324022
497,498,1913,6271889,1913,324022
498,499,1949,6411154,1949,324022
499,500,1913,6260241,1913,324022
500,501,1917,6279334,1917,324022
501,502,1944,6366531,1944,324022
502,503,1983,6492352,1983,324022
503,504,1867,6089828,1867,324022
504,505,1930,6342903,1930,324022
505,506,1980,6476466,1978,324022
506,507,1827,5982313,1827,324022
507,508,1850,6055002,1850,324022
508,509,1828,5974841,1828,324022
509,510,1907,6250313,1907,324022
510,511,1851,6079841,1851,324022
511,512,1985,6508925,1985,324022
512,513,1918,6281465,1917,324022
513,514,1912,6253279,1912,324022
514,515,1944,6350268,1943,324022
515,516,1919,6267241,1919,324022
516,517,1890,6190457,1889,324022
517,518,1942,6359242,1942,324022
518,519,1926,6295689,1925,324022
519,520,1865,6113304,1865,324022
520,521,1929,6330017,1929,324022
521,522,1908,6254447,1908,324022
522,523,1912,6240401,1912,324022
523,524,1866,6103117,1866,324022
524,525,1941,6337510,1940,324022
525,526,1950,6374272,1950,324022
526,527,1865,6092574,1865,324022
527,528,1948,6368269,1948,324022
528,529,1905,6223373,1904,324022
529,530,1880,6130480,1880,324022
530,531,1868,6095439,1868,324022
531,532,1860,6066969,1859,324022
532,533,1930,6297884,1930,324022
533,534,1898,6140339,1898,324022
534,535,1948,6260385,1948,324022
535,536,1987,6389333,1984,324022
536,537,1897,6167055,1897,324022
537,538,1953,6393265,1953,324022
538,539,1945,6346472,1945,324022
539,540,1887,6155015,1886,324022
540,541,1764,5745160,1764,324022
541,542,1870,6082991,1870,324022
542,543,1846,6004607,1846,324022
543,544,1951,6376248,1951,324022
544,545,1898,6176982,1897,324022
545,546,1887,6154301,1886,324022
546,547,1913,6228739,1913,324022
547,548,1894,6157116,1894,324022
548,549,1979,6448748,1978,324022
549,550,1941,6316191,1940,324022
550,551,1815,5894592,1815,324022
551,552,1913,6207246,1911,324022
552,553,1934,6292941,1933,324022
553,554,1899,6176743,1899,324022
554,1,1927,7043186,1927,325170
555,2,967,3530851,967,325170
556,3,1989,7298583,1989,325170
557,4,1411,5164761,1411,325170
558,5,2023,7409868,2023,325170
559,6,1368,5005745,1368,325170
560,7,1978,7244052,1978,325170
561,8,2041,7464267,2041,325170
562,9,1964,7180089,1964,325170
563,10,2022,7394103,2022,325170
564,11,2014,7363877,2014,325170
565,12,2015,7373416,2015,325170
566,13,1977,7225469,1977,325170
567,14,2037,7434456,2037,325170
568,15,2005,7333502,2005,325170
569,16,1970,7200224,1970,325170
570,17,1975,7214994,1975,325170
571,18,2046,7481209,2046,325170
572,19,1997,7295897,1997,325170
573,20,2010,7337719,2010,325170
574,21,1951,7122468,1951,325170
575,22,1990,7277155,1990,325170
576,23,1921,7033123,1921,325170
577,24,1970,7197605,1970,325170
578,25,2013,7367033,2013,325170
579,26,1983,7239063,1983,325170
580,27,1959,7142398,1959,325170
581,28,2054,7488547,2054,325170
582,29,2014,7345675,2014,325170
583,30,1984,7223428,1984,325170
584,31,2055,7501098,2055,325170
585,32,1993,7294723,1993,325170
586,33,2045,7469584,2045,325170
587,34,2003,7321327,2003,325170
588,35,2065,7555331,2065,325170
589,36,2001,7293987,2001,325170
590,37,1971,7195163,1971,325170
591,38,1978,7181941,1978,325170
592,39,1989,7256211,1989,325170
593,40,1940,7062960,1940,325170
594,41,2056,7493821,2056,325170
595,42,1941,7074884,1941,325170
596,43,1958,7140315,1958,325170
597,44,2026,7409494,2026,325170
598,45,2041,7446884,2041,325170
599,46,1994,7252061,1994,325170
600,47,2040,7431974,2040,325170
601,48,1941,7052050,1941,325170
602,49,1994,7255406,1994,325170
603,50,2074,7544940,2074,325170
604,51,2080,7596616,2080,325170
605,52,2044,7450028,2044,325170
606,53,1933,7027370,1933,325170
607,54,2008,7314757,2008,325170
608,55,1300,4740986,1300,325170
609,56,1980,7181467,1980,325170
610,57,1878,6815249,1878,325170
611,58,2036,7424736,2036,325170
612,59,2048,7468064,2048,325170
613,60,1965,7137088,1965,325170
614,61,2011,7313195,2011,325170
615,62,2035,7399023,2035,325170
616,63,1971,7163312,1971,325170
617,64,1984,7199653,1984,325170
618,65,2016,7326791,2016,325170
619,66,1963,7150530,1963,325170
620,67,2039,7417828,2039,325170
621,68,2050,7451581,2050,325170
622,69,1914,6955556,1914,325170
623,70,2063,7501737,2063,325170
624,71,2030,7388187,2030,325170
625,72,1998,7245827,1998,325170
626,73,1965,7152864,1965,325170
627,74,2046,7438246,2046,325170
628,75,2028,7347067,2028,325170
629,76,2020,7344895,2020,325170
630,77,2010,7304024,2010,325170
631,78,1976,7167370,1976,325170
632,79,2013,7304031,2013,325170
633,80,1933,7000050,1933,325170
634,81,2042,7427784,2042,325170
635,82,1933,7015890,1933,325170
636,83,2029,7357300,2029,325170
637,84,1922,6965744,1922,325170
638,85,2056,7460476,2056,325170
639,86,1958,7092664,1958,325170
640,87,1917,6942860,1917,325170
641,88,1915,6937719,1915,325170
642,89,2008,7287842,2008,325170
643,90,2032,7364432,2032,325170
644,91,2020,7334664,2020,325170
645,92,1995,7239976,1995,325170
646,93,2003,7247493,2003,325170
647,94,2031,7372383,2031,325170
648,95,1967,7120755,1967,325170
649,96,1960,7080973,1960,325170
650,97,1969,7144614,1969,325170
651,98,2029,7371954,2029,325170
652,99,1978,7167698,1978,325170
653,100,2015,7293517,2015,325170
654,101,1971,7159113,1971,325170
655,102,1922,6959207,1922,325170
656,103,2100,7617397,2100,325170
657,104,1950,7055085,1950,325170
658,105,1999,7231860,1999,325170
659,106,1994,7227663,1994,325170
660,107,1995,7233900,1995,325170
661,108,2000,7247903,2000,325170
662,109,2030,7354313,2030,325170
663,110,2044,7402618,2044,325170
664,111,1943,7015151,1943,325170
665,112,1997,7231868,1997,325170
666,113,1987,7173727,1987,325170
667,114,1975,7149140,1975,325170
668,115,2001,7249678,2001,325170
669,116,1981,7173880,1981,325170
670,117,2043,7380038,2043,325170
671,118,2009,7275752,2009,325170
672,119,2026,7342401,2026,325170
673,120,2102,7610883,2102,325170
674,121,2077,7501885,2077,325170
675,122,1887,6793372,1887,325170
676,123,1998,7206038,1998,325170
677,124,1976,7132962,1976,325170
678,125,1978,7122386,1978,325170
679,126,1993,7141844,1993,325170
680,127,1983,7133838,1983,325170
681,128,2037,7314252,2037,325170
682,129,2006,7119351,2006,325170
683,130,1957,6984052,1957,325170
684,131,1974,7122544,1974,325170
685,132,1994,7209705,1994,325170
686,133,1961,7076300,1961,325170
687,134,2015,7266207,2015,325170
688,135,1006,3621483,1006,325170
689,136,1307,4707856,1307,325170
690,137,2030,7324279,2030,325170
691,138,2008,7265032,2008,325170
692,139,2093,7580779,2093,325170
693,140,2005,7229775,2005,325170
694,141,2081,7509781,2081,325170
695,142,1907,6864129,1907,325170
696,143,2024,7281350,2024,325170
697,144,2063,7443585,2063,325170
698,145,2043,7373757,2043,325170
699,146,1944,7003418,1944,325170
700,147,2026,7309909,2026,325170
701,148,1984,7134255,1984,325170
702,149,1580,5690899,1580,325170
703,150,1814,6538014,1814,325170
704,151,1948,7019397,1948,325170
705,152,1966,7101084,1966,325170
706,153,2026,7321522,2026,325170
707,154,2016,7255560,2016,325170
708,155,2040,7347829,2040,325170
709,156,1979,7144633,1979,325170
710,157,2021,7278534,2021,325170
711,158,1932,6936560,1932,325170
712,159,2014,7252667,2014,325170
713,160,2013,7240883,2013,325170
714,161,1977,7125025,1977,325170
715,162,1997,7205152,1997,325170
716,163,1931,6959145,1931,325170
717,164,2010,7233716,2010,325170
718,165,2052,7384689,2052,325170
719,166,2031,7298213,2031,325170
720,167,2033,7307408,2033,325170
721,168,1974,7096980,1974,325170
722,169,1985,7144209,1985,325170
723,170,2080,7499149,2080,325170
724,171,1996,7163714,1996,325170
725,172,2015,7249276,2015,325170
726,173,1987,7137184,1987,325170
727,174,1994,7165851,1994,325170
728,175,1954,7010333,1954,325170
729,176,2037,7328307,2037,325170
730,177,2048,7362671,2048,325170
731,178,2016,7242418,2016,325170
732,179,1976,7097758,1976,325170
733,180,2026,7276820,2026,325170
734,181,1966,7063470,1966,325170
735,182,2071,7420481,2071,325170
736,183,1987,7133910,1987,325170
737,184,2067,7423765,2067,325170
738,185,2018,7242416,2018,325170
739,186,2025,7276010,2025,325170
740,187,1966,7079883,1966,325170
741,188,2018,7214093,2018,325170
742,189,2001,7170161,2001,325170
743,190,2082,7457766,2082,325170
744,191,1997,7160944,1997,325170
745,192,1991,7129864,1991,325170
746,193,1960,7027282,1960,325170
747,194,1949,6976739,1949,325170
748,195,1973,7077795,1973,325170
749,196,2029,7284454,2029,325170
750,197,2034,7297449,2034,325170
751,198,1960,7009573,1960,325170
752,199,2031,7294997,2031,325170
753,200,1997,7157418,1997,325170
754,201,2095,7531665,2095,325170
755,202,1961,7045822,1961,325170
756,203,2027,7256932,2027,325170
757,204,1921,6883801,1921,325170
758,205,1986,7127304,1986,325170
759,206,1999,7168437,1999,325170
760,207,1990,7115090,1990,325170
761,208,1991,7143064,1991,325170
762,209,1994,7143561,1994,325170
763,210,2004,7167742,2004,325170
764,211,2040,7292779,2040,325170
765,212,2000,7171714,2000,325170
766,213,1980,7081196,1980,325170
767,214,1969,7036402,1969,325170
768,215,1980,7078374,1980,325170
769,216,2013,7186851,2013,325170
770,217,1939,6921487,1939,325170
771,218,1985,7084940,1985,325170
772,219,1982,7091781,1982,325170
773,220,2016,7222306,2016,325170
774,221,1945,6949949,1945,325170
775,222,2036,7259298,2036,325170
776,223,2002,7164646,2002,325170
777,224,2034,7280059,2034,325170
778,225,2032,7281929,2032,325170
779,226,2001,7163146,2001,325170
780,227,1943,6930382,1943,325170
781,228,2029,7255184,2029,325170
782,229,2027,7241252,2027,325170
783,230,1929,6906190,1929,325170
784,231,2043,7301169,2043,325170
785,232,2044,7308899,2044,325170
786,233,2026,7242763,2026,325170
787,234,1969,6999768,1969,325170
788,235,1973,7021442,1973,325170
789,236,2048,7316404,2048,325170
790,237,1949,6948430,1949,325170
791,238,2031,7244251,2031,325170
792,239,1945,6936300,1945,325170
793,240,2008,7173689,2008,325170
794,241,2081,7444731,2081,325170
795,242,1971,7046411,1971,325170
796,243,1970,7011325,1970,325170
797,244,2054,7326726,2054,325170
798,245,2017,7186438,2017,325170
799,246,1947,6926440,1947,325170
800,247,1970,7007430,1970,325170
801,248,2010,7142692,2010,325170
802,249,1976,7025183,1976,325170
803,250,2019,7185079,2019,325170
804,251,1963,6984212,1963,325170
805,252,2059,7342439,2059,325170
806,253,1957,6961950,1957,325170
807,254,1994,7099239,1994,325170
808,255,2002,7155135,2002,325170
809,256,2034,7264440,2034,325170
810,257,2054,7313651,2054,325170
811,258,1990,7078844,1990,325170
812,259,2095,7457227,2095,325170
813,260,1986,7083218,1986,325170
814,261,2010,7159201,2010,325170
815,262,2034,7207911,2034,325170
816,263,2057,7317064,2057,325170
817,264,2063,7351657,2063,325170
818,265,2026,7204685,2026,325170
819,266,1989,7082088,1989,325170
820,267,2010,7146898,2010,325170
821,268,1971,7011257,1971,325170
822,269,1975,7023824,1975,325170
823,270,1998,7108561,1998,325170
824,271,1989,7040070,1989,325170
825,272,2002,7102705,2002,325170
826,273,2043,7274386,2043,325170
827,274,2034,7244758,2034,325170
828,275,1979,7023616,1979,325170
829,276,1965,6973886,1965,325170
830,277,2011,7125558,2011,325170
831,278,2042,7277905,2042,325170
832,279,1966,6955320,1966,325170
833,280,2039,7239180,2039,325170
834,281,2027,7190202,2027,325170
835,282,2030,7216592,2030,325170
836,283,2040,7220380,2040,325170
837,284,1995,7097654,1995,325170
838,285,2004,7116245,2004,325170
839,286,2012,7131371,2012,325170
840,287,1933,6849444,1933,325170
841,288,1983,7027958,1983,325170
842,289,2010,7129138,2010,325170
843,290,1976,7014182,1976,325170
844,291,1734,6144982,1734,325170
845,292,1491,5282129,1491,325170
846,293,1979,7001067,1979,325170
847,294,1996,7077813,1996,325170
848,295,1992,7070407,1992,325170
849,296,2042,7239337,2042,325170
850,297,1989,7054111,1989,325170
851,298,2088,7403815,2088,325170
852,299,1942,6882907,1942,325170
853,300,1986,7033693,1986,325170
854,301,2038,7260301,2038,325170
855,302,2006,7094587,2006,325170
856,303,1981,7005274,1981,325170
857,304,2016,7151966,2016,325170
858,305,2042,7241961,2042,325170
859,306,2035,7201028,2035,325170
860,307,2021,7165303,2021,325170
861,308,2045,7259499,2045,325170
862,309,1995,7063038,1995,325170
863,310,2027,7167258,2027,325170
864,311,2073,7330436,2073,325170
865,312,2002,7075464,2002,325170
866,313,1987,7035977,1987,325170
867,314,1976,6974693,1976,325170
868,315,2028,7188677,2028,325170
869,316,2040,7217071,2040,325170
870,317,1964,6954505,1964,325170
871,318,2039,7230245,2039,325170
872,319,1974,6970884,1974,325170
873,320,1972,6979281,1972,325170
874,321,2006,7080377,2006,325170
875,322,1991,7044576,1991,325170
876,323,2004,7078286,2004,325170
877,324,1944,6855709,1944,325170
878,325,2024,7142079,2024,325170
879,326,2055,7252340,2055,325170
880,327,2017,7115216,2017,325170
881,328,1967,6928806,1967,325170
882,329,1996,7029040,1996,325170
883,330,1915,6756399,1915,325170
884,331,2056,7275508,2056,325170
885,332,2064,7291980,2064,325170
886,333,2022,7153338,2022,325170
887,334,2008,7093686,2008,325170
888,335,1954,6890158,1954,325170
889,336,1985,6961483,1985,325170
890,337,2048,7210904,2048,325170
891,338,1956,6855526,1956,325170
892,339,2023,7052661,2023,325170
893,340,1959,6808584,1959,325170
894,341,1984,6996088,1984,325170
895,342,1990,7023117,1990,325170
896,343,1988,7012173,1988,325170
897,344,2013,7096565,2013,325170
898,345,1992,7013814,1992,325170
899,346,2040,7210530,2040,325170
900,347,1935,6797681,1935,325170
901,348,1925,6768152,1925,325170
902,349,1994,7034158,1994,325170
903,350,2048,7210593,2048,325170
904,351,1956,6887801,1956,325170
905,352,2000,7060400,2000,325170
906,353,2083,7342336,2083,325170
907,354,1976,6950592,1976,325170
908,355,1965,6921535,1965,325170
909,356,1958,6901864,1958,325170
910,357,1996,7034884,1996,325170
911,358,1986,6967494,1986,325170
912,359,1950,6853845,1950,325170
913,360,2050,7219878,2050,325170
914,361,2034,7161440,2034,325170
915,362,1991,7023315,1991,325170
916,363,2008,7064071,2008,325170
917,364,2028,7136179,2028,325170
918,365,2035,7164435,2035,325170
919,366,1996,7002702,1996,325170
920,367,1996,6990313,1996,325170
921,368,2060,7250007,2060,325170
922,369,1921,6745412,1921,325170
923,370,1963,6887279,1963,325170
924,371,2021,7105776,2021,325170
925,372,2000,7018890,2000,325170
926,373,2058,7250440,2058,325170
927,374,2062,7236157,2062,325170
928,375,2044,7170736,2044,325170
929,376,1973,6919333,1973,325170
930,377,2075,7290063,2075,325170
931,378,2004,7023406,2004,325170
932,379,1957,6862215,1957,325170
933,380,1986,6973409,1986,325170
934,381,2011,7043805,2011,325170
935,382,2063,7244419,2063,325170
936,383,2031,7128727,2031,325170
937,384,1946,6824054,1946,325170
938,385,1938,6790902,1938,325170
939,386,2002,7008150,2002,325170
940,387,1996,6994151,1996,325170
941,388,1937,6806535,1937,325170
942,389,1988,6974659,1988,325170
943,390,2021,7073607,2021,325170
944,391,1980,6923317,1980,325170
945,392,1975,6916799,1975,325170
946,393,2020,7086756,2020,325170
947,394,2055,7215383,2055,325170
948,395,2019,7074492,2019,325170
949,396,2015,7045861,2015,325170
950,397,2009,7043969,2009,325170
951,398,1979,6919237,1979,325170
952,399,1974,6909958,1974,325170
953,400,1964,6864809,1964,325170
954,401,2011,7047636,2011,325170
955,402,2030,7113927,2030,325170
956,403,1959,6877804,1959,325170
957,404,1985,6927916,1985,325170
958,405,2027,7089341,2027,325170
959,406,1894,6627859,1894,325170
960,407,1982,6933932,1982,325170
961,408,1997,6979340,1997,325170
962,409,2017,7051859,2017,325170
963,410,1914,6689083,1914,325170
964,411,1994,6986045,1994,325170
965,412,1986,6912031,1986,325170
966,413,1956,6853485,1956,325170
967,414,2049,7175339,2049,325170
968,415,2050,7173009,2050,325170
969,416,1951,6810789,1951,325170
970,417,1951,6803050,1951,325170
971,418,1985,6937204,1985,325170
972,419,2067,7238255,2067,325170
973,420,2081,7289200,2081,325170
974,421,1989,6946888,1989,325170
975,422,2103,7339022,2103,325170
976,423,1905,6658786,1905,325170
977,424,2083,7278321,2083,325170
978,425,1975,6890363,1975,325170
979,426,2009,7024504,2009,325170
980,427,1991,6956755,1991,325170
981,428,2048,7153033,2048,325170
982,429,2072,7244001,2072,325170
983,430,1369,4786523,1369,325170
984,431,1971,6883864,1971,325170
985,432,1946,6771752,1946,325170
986,433,1994,6942419,1994,325170
987,434,2016,7032602,2016,325170
988,435,1994,6951385,1994,325170
989,436,2025,7055711,2025,325170
990,437,2005,6999460,2005,325170
991,438,1966,6869134,1966,325170
992,439,1977,6896327,1977,325170
993,440,1958,6839796,1958,325170
994,441,1962,6837169,1962,325170
995,442,2005,6995053,2005,325170
996,443,1973,6870584,1973,325170
997,444,2025,7064788,2025,325170
998,445,2035,7059496,2035,325170
999,446,2022,7035644,2022,325170
1000,447,1997,6950742,1997,325170
1001,448,1965,6861350,1965,325170
1002,449,1991,6943829,1991,325170
1003,450,2033,7085688,2033,325170
1004,451,2005,6966965,2005,325170
1005,452,1955,6822394,1955,325170
1006,453,2053,7133966,2053,325170
1007,454,1950,6777899,1950,325170
1008,455,2033,7081224,2033,325170
1009,456,2015,7009938,2015,325170
1010,457,2014,7015007,2014,325170
1011,458,2051,7126125,2051,325170
1012,459,2061,7184518,2061,325170
1013,460,1977,6862621,1977,325170
1014,461,2039,7091390,2039,325170
1015,462,1993,6926901,1993,325170
1016,463,1939,6710775,1939,325170
1017,464,1997,6941500,1997,325170
1018,465,1952,6768468,1952,325170
1019,466,1953,6785428,1953,325170
1020,467,2061,7155287,2061,325170
1021,468,1994,6937447,1994,325170
1022,469,2026,7037961,2026,325170
1023,470,1984,6872814,1984,325170
1024,471,2058,7139136,2058,325170
1025,472,1997,6932958,1997,325170
1026,473,2066,7174333,2066,325170
1027,474,2025,7027889,2025,325170
1028,475,1948,6749934,1948,325170
1029,476,1990,6899481,1990,325170
1030,477,2022,6997716,2022,325170
1031,478,1983,6890855,1983,325170
1032,479,1994,6918010,1994,325170
1033,480,2013,6942397,2013,325170
1034,481,1899,6566474,1899,325170
1035,482,1954,6766889,1954,325170
1036,483,1963,6805713,1963,325170
1037,484,2112,7307631,2112,325170
1038,485,1991,6890360,1990,325170
1039,486,1947,6756933,1947,325170
1040,487,1969,6806233,1969,325170
1041,488,1982,6881516,1982,325170
1042,489,2029,7026040,2029,325170
1043,490,2055,7138657,2055,325170
1044,491,1999,6937452,1999,325170
1045,492,1974,6815891,1974,325170
1046,493,2037,7058148,2037,325170
1047,494,2001,6921308,2001,325170
1048,495,2004,6939345,2004,325170
1049,496,2076,7182993,2076,325170
1050,497,1983,6852004,1983,325170
1051,498,2006,6926774,2006,325170
1052,499,1981,6863071,1981,325170
1053,500,2070,7131470,2070,325170
1054,501,1263,4364674,1263,325170
1055,502,974,3370957,974,325170
1056,503,2081,7202826,2081,325170
1057,504,1980,6832491,1980,325170
1058,505,1995,6889599,1995,325170
1059,506,2027,7003128,2027,325170
1060,507,2003,6939307,2003,325170
1061,508,1954,6746701,1954,325170
1062,509,2004,6909788,2004,325170
1063,510,2033,7020834,2033,325170
1064,511,1996,6895749,1996,325170
1065,512,2030,7025181,2030,325170
1066,513,2051,7089935,2051,325170
1067,514,1972,6823769,1972,325170
1068,515,1963,6792734,1963,325170
1069,516,2103,7272885,2103,325170
1070,517,1944,6710336,1944,325170
1071,518,2023,6976204,2023,325170
1072,519,1960,6780171,1960,325170
1073,520,2047,7065607,2047,325170
1074,521,2012,6941430,2012,325170
1075,522,2004,6915760,2004,325170
1076,523,1935,6655255,1935,325170
1077,524,1979,6802097,1979,325170
1078,525,1983,6836922,1983,325170
1079,526,2039,7021372,2039,325170
1080,527,1960,6748832,1960,325170
1081,528,1911,6571034,1911,325170
1082,529,1982,6810975,1982,325170
1083,530,2024,6967385,2024,325170
1084,531,1999,6879594,1999,325170
1085,532,2037,7025696,2037,325170
1086,533,2040,7017778,2040,325170
1087,534,1988,6835069,1988,325170
1088,535,1983,6823604,1983,325170
1089,536,1986,6842942,1986,325170
1090,537,2031,7008829,2031,325170
1091,538,2018,6945682,2018,325170
1092,539,2057,7097693,2057,325170
1093,540,2006,6910515,2006,325170
1094,541,2005,6900066,2005,325170
1095,542,2012,6925403,2012,325170
1096,543,2036,7011742,2036,325170
1097,544,1985,6860953,1985,325170
1098,545,2040,7003488,2040,325170
1099,546,1994,6866859,1994,325170
1100,547,1937,6679436,1937,325170
1101,548,2010,6919075,2010,325170
1102,549,2019,6950996,2019,325170
1103,550,1988,6805602,1988,325170
1104,551,2019,6942142,2019,325170
1105,552,1869,6421730,1869,325170
1106,553,2008,6897198,2007,325170
1107,554,2025,6974893,2025,325170
1108,555,1975,6794489,1975,325170
1109,556,2030,6954037,2029,325170
1110,557,2015,6925082,2015,325170
1111,558,1993,6839273,1993,325170
1112,559,2037,7016048,2037,325170
1113,560,1993,6847046,1993,325170
1114,561,2002,6871080,2002,325170
1115,562,1917,6562027,1917,325170
1116,563,1966,6745906,1966,325170
1117,564,1985,6819508,1985,325170
1118,565,2040,7007702,2040,325170
1119,566,1961,6732178,1961,325170
1120,567,1913,6558542,1913,325170
1121,568,1996,6841766,1996,325170
1122,569,1964,6731522,1964,325170
1123,570,2036,6994048,2036,325170
1124,571,2042,7006843,2042,325170
1125,572,2001,6862936,2001,325170
1126,573,2014,6888073,2014,325170
1127,574,2017,6905054,2017,325170
1128,575,1977,6784003,1977,325170
1129,576,1970,6769230,1970,325170
1130,577,2070,7108542,2070,325170
1131,578,2017,6920463,2017,325170
1132,579,2044,6998621,2044,325170
1133,580,2011,6864898,2011,325170
1134,581,2096,7182152,2096,325170
1135,582,1973,6752102,1972,325170
1136,583,1995,6833587,1995,325170
1137,584,1965,6726103,1965,325170
1138,585,2023,6925548,2023,325170
1139,586,1970,6743285,1970,325170
1140,587,1959,6709989,1959,325170
1141,588,1976,6771038,1976,325170
1142,589,2008,6865140,2008,325170
1143,590,2012,6870901,2012,325170
1144,591,1993,6811185,1993,325170
1145,592,2046,7007737,2046,325170
1146,593,1968,6734687,1968,325170
1147,594,2006,6862572,2006,325170
1148,595,2005,6872819,2005,325170
1149,596,1966,6737950,1966,325170
1150,597,2063,7058161,2063,325170
1151,598,1999,6837480,1999,325170
1152,599,2006,6857862,2006,325170
1153,600,1887,6429842,1887,325170
1154,601,1979,6754800,1979,325170
1155,602,2061,7062815,2061,325170
1156,603,2017,6904466,2017,325170
1157,604,2021,6894914,2021,325170
1158,605,1918,6526672,1918,325170
1159,606,2077,7117929,2077,325170
1160,607,1940,6613179,1940,325170
1161,608,2025,6907647,2025,325170
1162,609,2045,6985627,2045,325170
1163,610,1995,6825984,1995,325170
1164,611,1966,6716331,1966,325170
1165,612,2042,6973536,2041,325170
1166,613,2008,6873645,2008,325170
1167,614,1999,6820909,1999,325170
1168,615,2075,7080676,2075,325170
1169,616,1997,6811478,1997,325170
1170,617,2020,6886383,2020,325170
1171,618,2038,6958627,2038,325170
1172,619,2076,7105072,2076,325170
1173,620,2016,6876724,2016,325170
1174,621,2010,6853572,2010,325170
1175,622,1969,6703603,1969,325170
1176,623,2025,6908686,2025,325170
1177,624,2069,7070827,2069,325170
1178,625,1964,6685139,1964,325170
1179,626,2055,7006471,2055,325170
1180,627,1949,6624690,1949,325170
1181,628,1997,6793494,1997,325170
1182,629,2022,6891440,2022,325170
1183,630,1955,6660100,1955,325170
1184,631,1994,6784077,1994,325170
1185,632,2070,7060536,2069,325170
1186,633,1984,6760338,1984,325170
1187,634,1995,6779581,1995,325170
1188,635,2037,6936558,2036,325170
1189,636,1941,6614923,1940,325170
1190,637,2001,6816501,2001,325170
1191,638,2002,6824247,2002,325170
1192,639,2048,6944636,2048,325170
1193,640,2013,6834309,2013,325170
1194,641,2036,6944703,2036,325170
1195,642,2028,6895819,2028,325170
1196,643,2017,6848303,2017,325170
1197,644,1996,6781720,1996,325170
1198,645,1981,6731200,1981,325170
1199,646,2005,6822392,2005,325170
1200,647,1981,6747134,1981,325170
1201,648,2020,6863082,2020,325170
1202,649,2009,6836552,2009,325170
1203,650,1950,6618144,1950,325170
1204,651,1976,6735745,1976,325170
1205,652,2045,6962108,2045,325170
1206,653,1968,6673302,1968,325170
1207,654,2015,6851569,2015,325170
1208,655,1980,6738746,1980,325170
1209,656,2013,6828298,2013,325170
1210,657,2026,6881519,2026,325170
1211,658,2065,7015613,2064,325170
1212,659,2040,6924022,2040,325170
1213,660,2008,6820199,2008,325170
1214,661,2022,6859441,2022,325170
1215,662,1996,6773855,1996,325170
1216,663,1949,6615000,1948,325170
1217,664,1994,6764000,1994,325170
1218,665,2072,7023996,2071,325170
1219,666,2011,6827484,2011,325170
1220,667,1975,6693820,1975,325170
1221,668,2020,6847175,2020,325170
1222,669,2053,6950674,2053,325170
1223,670,1987,6722544,1987,325170
1224,671,1924,6521678,1924,325170
1225,672,1977,6692337,1977,325170
1226,673,1953,6587307,1953,325170
1227,674,2005,6777810,2005,325170
1228,675,1993,6765747,1993,325170
1229,676,2037,6925385,2037,325170
1230,677,2011,6812212,2011,325170
1231,678,2051,6948710,2051,325170
1232,679,2013,6824267,2013,325170
1233,680,2020,6829814,2020,325170
1234,681,1920,6471212,1920,325170
1235,682,2000,6745631,2000,325170
1236,683,2034,6864219,2034,325170
1237,684,2085,7085105,2085,325170
1238,685,1977,6694406,1977,325170
1239,686,1981,6702199,1981,325170
1240,687,1988,6734556,1988,325170
1241,688,1984,6718491,1984,325170
1242,689,2015,6805401,2015,325170
1243,690,2002,6778761,2002,325170
1244,691,2055,6969407,2055,325170
1245,692,2045,6915263,2045,325170
1246,694,2024,6869250,2024,325170
1247,695,2056,6949094,2056,325170
1248,696,1957,6619534,1957,325170
1249,697,2015,6811329,2014,325170
1250,698,2000,6752852,1999,325170
1251,699,2041,6905393,2040,325170
1252,700,2095,7073345,2095,325170
1253,701,2004,6783476,2004,325170
1254,702,2072,7028754,2071,325170
1255,703,1988,6733448,1988,325170
1256,704,1983,6696803,1983,325170
1257,705,1995,6734103,1995,325170
1258,706,1958,6605959,1958,325170
1259,707,2021,6815214,2021,325170
1260,708,1984,6675614,1984,325170
1261,709,1987,6694754,1986,325170
1262,710,1944,6572024,1944,325170
1263,711,1937,6540642,1937,325170
1264,712,2029,6859629,2029,325170
1265,713,1983,6686247,1982,325170
1266,714,1998,6723912,1998,325170
1267,715,2049,6919433,2049,325170
1268,716,2039,6879137,2038,325170
1269,717,1961,6615352,1961,325170
1270,718,2023,6827648,2023,325170
1271,719,1977,6664567,1977,325170
1272,720,2048,6899885,2047,325170
1273,721,2032,6819712,2031,325170
1274,722,1955,6562712,1953,325170
1275,723,1984,6667606,1983,325170
1276,724,1345,4546001,1345,325170
1277,725,1989,6696371,1989,325170
1278,726,1978,6677348,1978,325170
1279,727,2103,7060376,2101,325170
1280,728,1997,6714058,1997,325170
1281,729,2031,6822032,2030,325170
1282,730,1980,6651356,1980,325170
1283,731,2002,6753069,2002,325170
1284,732,2026,6825922,2025,325170
1285,733,1946,6543912,1946,325170
1286,734,1966,6603344,1966,325170
1287,735,1975,6629504,1975,325170
1288,736,2045,6882536,2044,325170
1289,737,2024,6797406,2024,325170
1290,738,2017,6782034,2016,325170
1291,739,2074,6963749,2073,325170
1292,740,1972,6609566,1971,325170
1293,741,2011,6751354,2011,325170
1294,742,2078,6993319,2078,325170
1295,743,1981,6648891,1981,325170
1296,744,1982,6635863,1980,325170
1297,745,1965,6599539,1965,325170
1298,746,2002,6702345,2001,325170
1299,747,2031,6802092,2031,325170
1300,748,1874,6247929,1872,325170
1301,749,1950,6542221,1950,325170
1302,750,1956,6558074,1956,325170
1303,751,1963,6571030,1963,325170
1304,752,2004,6719519,2004,325170
1305,753,2051,6894429,2050,325170
1306,754,1964,6558524,1963,325170
1307,755,2026,6806080,2026,325170
1308,756,2002,6716332,2002,325170
1309,757,2036,6844057,2035,325170
1310,758,2008,6717703,2007,325170
1311,759,2074,6975772,2073,325170
1312,760,2041,6852875,2041,325170
1313,761,1980,6638763,1979,325170
1314,762,2018,6748258,2018,325170
1315,763,1966,6591727,1966,325170
1316,764,2012,6714187,2012,325170
1317,765,805,2695706,805,325170
1318,766,778,2605260,778,325170
1319,767,1977,6628428,1976,325170
1320,768,1976,6497229,1976,325170
1321,769,2054,6837812,2053,325170
1322,770,1977,6610541,1976,325170
1323,771,2006,6744219,2006,325170
1324,772,1948,6539732,1948,325170
1325,773,1982,6646800,1982,325170
1326,774,1970,6586080,1969,325170
1327,775,1977,6614207,1977,325170
1328,776,1977,6609039,1976,325170
1329,777,1995,6668178,1995,325170
1330,778,1999,6705409,1999,325170
1331,779,2002,6686558,2002,325170
1332,780,2000,6705144,2000,325170
1333,781,2045,6848593,2045,325170
1334,782,2010,6718429,2010,325170
1335,783,2011,6731839,2011,325170
1336,784,1981,6619686,1981,325170
1337,785,1966,6573259,1966,325170
1338,786,1993,6672687,1992,325170
1339,787,1991,6679370,1991,325170
1340,788,1975,6597884,1974,325170
1341,789,2048,6850977,2048,325170
1342,790,2026,6769456,2025,325170
1343,791,1962,6570334,1961,325170
1344,792,2053,6877088,2053,325170
1345,793,1989,6644653,1988,325170
1346,794,1968,6571887,1968,325170
1347,795,2045,6828297,2044,325170
1348,796,1921,6402336,1921,325170
1349,797,1995,6661515,1994,325170
1350,798,2078,6959204,2078,325170
1351,799,1963,6554705,1962,325170
1352,800,1990,6647302,1989,325170
1353,801,2052,6871918,2052,325170
1354,802,1967,6576368,1967,325170
1355,803,2010,6724827,2009,325170
1356,804,2012,6793269,2012,325170
1357,805,1905,6466378,1905,325170
1358,806,1984,6744775,1984,325170
1359,807,1960,6641490,1959,325170
1360,808,1969,6677857,1969,325170
1361,809,1993,6769046,1993,325170
1362,810,1959,6651825,1959,325170
1363,811,1967,6678682,1967,325170
1364,812,2026,6883398,2026,325170
1365,813,2057,6989306,2056,325170
1366,814,1930,6544564,1930,325170
1367,815,2041,6943360,2041,325170
1368,816,2038,6920878,2038,325170
1369,817,2024,6861489,2023,325170
1370,818,1963,6659713,1963,325170
1371,819,2072,7020595,2072,325170
1372,820,1942,6582175,1942,325170
1373,821,2041,6930561,2041,325170
1374,822,2029,6895458,2029,325170
1375,823,1967,6667142,1967,325170
1376,824,1934,6525337,1934,325170
1377,825,1189,4029776,1189,325170
1378,826,1979,6700189,1979,325170
1379,827,2086,7074203,2086,325170
1380,828,1987,6711961,1987,325170
1381,829,1956,6598798,1955,325170
1382,830,2013,6807202,2013,325170
1383,831,2000,6768718,2000,325170
1384,832,2046,6943112,2046,325170
1385,833,2034,6900747,2034,325170
1386,834,1926,6508515,1925,325170
1387,835,1953,6604415,1953,325170
1388,836,1962,6641041,1962,325170
1389,837,1924,6505427,1924,325170
1390,838,2006,6800026,2006,325170
1391,839,1989,6717714,1988,325170
1392,840,1981,6706913,1981,325170
1393,841,1966,6654674,1966,325170
1394,842,1997,6754176,1997,325170
1395,843,2035,6857061,2034,325170
1396,844,1922,6477382,1922,325170
1397,845,1990,6721689,1990,325170
1398,846,1960,6602979,1960,325170
1399,847,2008,6784777,2008,325170
1400,848,2050,6934505,2050,325170
1401,849,1977,6691325,1977,325170
1402,850,2002,6759628,2002,325170
1403,851,2021,6826249,2021,325170
1404,852,1966,6611411,1965,325170
1405,853,2018,6807430,2018,325170
1406,854,1984,6705041,1984,325170
1407,855,2017,6830099,2017,325170
1408,856,2014,6755511,2013,325170
1409,857,1998,6747428,1998,325170
1410,858,2031,6837408,2031,325170
1411,859,2023,6823871,2023,325170
1412,860,1972,6639279,1972,325170
1413,861,1965,6622681,1965,325170
1414,862,2017,6769898,2016,325170
1415,863,1952,6550520,1952,325170
1416,864,2001,6746608,2001,325170
1417,865,1985,6669022,1985,325170
1418,866,1953,6576436,1952,325170
1419,867,1939,6528714,1939,325170
1420,868,2035,6856753,2034,325170
1421,869,1996,6725195,1996,325170
1422,870,2005,6718781,2005,325170
1423,871,2031,6808532,2030,325170
1424,872,2019,6794310,2019,325170
1425,873,2012,6752363,2011,325170
1426,874,1950,6582117,1950,325170
1427,875,1948,6545228,1948,325170
1428,876,2017,6766817,2016,325170
1429,877,2017,6782831,2017,325170
1430,878,1974,6608840,1974,325170
1431,879,1989,6659253,1988,325170
1432,880,1999,6713609,1999,325170
1433,881,1979,6645466,1979,325170
1434,882,2052,6880589,2050,325170
1435,883,1951,6548882,1951,325170
1436,884,1963,6558858,1962,325170
1437,885,2039,6832477,2039,325170
1438,886,1959,6561965,1958,325170
1439,887,2026,6783463,2026,325170
1440,888,2007,6728043,2007,325170
1441,889,2033,6811540,2033,325170
1442,890,1925,6450086,1924,325170
1443,891,1994,6685780,1993,325170
1444,892,1978,6621072,1978,325170
1445,893,1954,6545367,1954,325170
1446,894,2069,6947582,2069,325170
1447,895,2022,6785200,2021,325170
1448,896,1986,6624851,1985,325170
1449,897,1978,6633288,1978,325170
1450,898,2059,6909112,2058,325170
1451,899,2007,6717635,2007,325170
1452,900,1993,6665030,1993,325170
1453,901,1998,6659913,1998,325170
1454,902,2061,6912331,2060,325170
1455,903,1998,6677062,1998,325170
1456,904,2007,6725730,2007,325170
1457,905,2075,6945237,2074,325170
1458,906,2041,6832165,2041,325170
1459,907,2008,6693058,2007,325170
1460,908,2046,6841658,2046,325170
1461,909,1953,6524481,1953,325170
1462,910,2051,6846456,2051,325170
1463,911,1984,6623631,1984,325170
1464,912,2011,6731304,2011,325170
1465,913,1996,6660367,1996,325170
1466,914,1929,6424492,1929,325170
1467,915,1984,6618011,1984,325170
1468,916,2030,6777719,2029,325170
1469,917,1960,6539563,1960,325170
1470,918,2016,6729104,2015,325170
1471,919,1990,6624307,1990,325170
1472,920,1958,6515511,1957,325170
1473,921,1975,6583054,1975,325170
1474,922,1942,6456338,1941,325170
1475,923,1931,6432797,1930,325170
1476,924,1972,6575654,1972,325170
1477,925,2038,6778191,2037,325170
1478,926,1975,6574003,1975,325170
1479,927,2035,6802585,2035,325170
1480,928,2030,6765449,2030,325170
1481,929,1989,6629435,1988,325170
1482,930,1978,6571274,1978,325170
1483,931,2041,6771464,2040,325170
1484,932,1907,6350833,1907,325170
1485,933,2056,6856051,2056,325170
1486,934,1957,6502169,1956,325170
1487,935,1957,6473467,1957,325170
1488,936,2112,7038551,2112,325170
1489,937,1937,6428395,1936,325170
1490,938,1949,6469577,1949,325170
1491,939,1975,6553123,1974,325170
1492,940,2048,6819195,2047,325170
1493,941,1992,6600051,1991,325170
1494,942,2059,6847139,2058,325170
1495,943,1997,6627574,1996,325170
1496,944,1950,6467569,1950,325170
1497,945,1944,6452691,1943,325170
1498,946,1990,6612287,1989,325170
1499,947,1997,6639487,1997,325170
1500,948,1997,6624658,1997,325170
1501,949,2032,6745997,2031,325170
1502,950,2004,6622636,2003,325170
1503,951,2004,6649981,2004,325170
1504,952,1981,6547162,1979,325170
1505,953,1991,6594916,1990,325170
1506,954,1958,6489783,1956,325170
1507,955,2006,6655415,2005,325170
1508,956,1979,6552175,1978,325170
1509,957,2040,6759339,2040,325170
1510,958,2012,6670726,2011,325170
1511,959,2040,6753983,2039,325170
1512,960,2040,6777193,2039,325170
1513,961,2044,6767502,2042,325170
1514,962,2086,6910982,2086,325170
1515,963,2031,6703547,2030,325170
1516,964,2031,6714150,2029,325170
1517,965,1990,6594967,1990,325170
1518,966,1994,6600390,1994,325170
1519,967,2063,6823031,2062,325170
1520,968,1998,6607590,1997,325170
1521,969,1999,6614141,1998,325170
1522,970,2014,6646047,2013,325170
1523,971,2013,6637547,2012,325170
1524,972,2041,6741618,2041,325170
1525,973,2003,6620135,2002,325170
1526,974,2018,6674807,2018,325170
1527,975,2036,6736900,2035,325170
1528,976,2006,6638961,2006,325170
1529,977,2014,6635154,2013,325170
1530,978,1981,6556741,1981,325170
1531,979,2018,6660508,2017,325170
1532,980,1998,6604835,1997,325170
1533,981,1966,6494818,1966,325170
1534,982,2002,6605189,2002,325170
1535,983,1897,6261742,1897,325170
1536,984,2035,6709845,2034,325170
1537,985,2027,6683464,2027,325170
1538,986,1988,6571920,1987,325170
1539,987,1988,6557172,1987,325170
1540,988,1990,6551251,1990,325170
1541,989,1984,6539024,1983,325170
1542,990,1916,6305165,1916,325170
1543,991,2033,6663470,2031,325170
1544,992,1949,6404413,1948,325170
1545,993,2047,6744533,2045,325170
1546,994,2004,6595472,2004,325170
1547,995,1995,6587932,1995,325170
1548,996,2037,6692238,2034,325170
1549,997,1980,6512730,1979,325170
1550,998,1998,6568468,1997,325170
1551,999,2000,6587249,1999,325170
1552,1000,2016,6648105,2015,325170
1553,1001,2026,6675257,2025,325170
1554,1002,2015,6644605,2014,325170
1555,1003,2004,6612251,2003,325170
1556,1004,1972,6465071,1971,325170
1557,1005,1968,6468518,1967,325170
1558,1006,1997,6552954,1995,325170
1559,1007,1998,6584005,1997,325170
1560,1008,2006,6591216,2006,325170
1561,1009,2020,6634413,2018,325170
1562,1010,2042,6738729,2042,325170
1563,1011,2024,6652807,2024,325170
1564,1012,2053,6744481,2052,325170
1565,1013,1990,6564338,1990,325170
1566,1014,1966,6450544,1964,325170
1567,1015,1962,6457896,1962,325170
1568,1016,2072,6818919,2071,325170
1569,1017,1974,6468722,1971,325170
1570,1018,1954,6422464,1954,325170
1571,1019,1958,6430279,1956,325170
1572,1020,2031,6643526,2029,325170
1573,1021,2019,6614287,2017,325170
1574,1022,2001,6553441,2001,325170
1575,1023,1993,6537200,1992,325170
1576,1024,2026,6639754,2024,325170
1577,1025,2018,6610848,2017,325170
1578,1026,2033,6670267,2031,325170
1579,1027,2042,6683743,2040,325170
1580,1028,2001,6571993,2001,325170
1581,1029,2057,6736961,2055,325170
1582,1030,1944,6355057,1944,325170
1583,1031,1992,6525660,1991,325170
1584,1032,1960,6397466,1959,325170
1585,1033,1960,6403774,1959,325170
1586,1034,2018,6623197,2018,325170
1587,1035,2034,6662365,2033,325170
1588,1036,1972,6468881,1972,325170
1589,1037,1965,6445645,1965,325170
1590,1038,2014,6569089,2013,325170
1591,1039,1987,6513974,1986,325170
1592,1040,2027,6633368,2027,325170
1593,1041,1999,6531757,1998,325170
1594,1042,1991,6517053,1990,325170
1595,1043,1975,6467571,1974,325170
1596,1044,1983,6485766,1982,325170
1597,1045,1997,6510451,1996,325170
1598,1046,2008,6565608,2007,325170
1599,1047,1971,6438421,1971,325170
1600,1048,2006,6561290,2005,325170
1601,1049,2037,6661712,2036,325170
1602,1050,2010,6578842,2009,325170
1603,1051,2063,6748838,2062,325170
1604,1052,1977,6470066,1977,325170
1605,1053,2020,6617542,2020,325170
1606,1054,2041,6652690,2039,325170
1607,1055,1985,6480861,1984,325170
1608,1056,2030,6618401,2029,325170
1609,1057,2030,6615635,2030,325170
1610,1058,2046,6654955,2045,325170
1611,1059,1963,6363951,1962,325170
1612,1060,1976,6392298,1975,325170
1613,1061,1994,6435526,1992,325170
1614,1062,1951,6263903,1949,325170
1615,1063,2034,6642707,2033,325170
1616,1064,2043,6662191,2041,325170
1617,1065,2003,6522689,2001,325170
1618,1066,1979,6450500,1978,325170
1619,1067,2011,6559108,2009,325170
1620,1068,2025,6597894,2024,325170
1621,1069,1956,6366347,1955,325170
1622,1070,2000,6523721,1999,325170
1623,1071,1960,6385650,1958,325170
1624,1072,2033,6606716,2030,325170
1625,1073,1992,6483648,1992,325170
1626,1074,1992,6513042,1992,325170
1627,1075,2014,6637596,2013,325170
1628,1076,2079,6840784,2078,325170
1629,1077,2066,6808242,2065,325170
1630,1078,2005,6636256,2005,325170
1631,1079,1981,6534258,1980,325170
1632,1080,2023,6681054,2022,325170
1633,1081,1934,6366370,1933,325170
1634,1082,2032,6689813,2031,325170
1635,1083,2045,6744565,2045,325170
1636,1084,2010,6648963,2010,325170
1637,1085,2052,6767277,2050,325170
1638,1086,1945,6407957,1945,325170
1639,1087,1969,6472364,1968,325170
1640,1088,1978,6493246,1977,325170
1641,1089,1914,6302125,1913,325170
1642,1090,2008,6594006,2008,325170
1643,1091,2052,6765803,2052,325170
1644,1092,1915,6276650,1914,325170
1645,1093,1988,6544441,1988,325170
1646,1094,1991,6542969,1991,325170
1647,1095,2015,6626921,2014,325170
1648,1096,1979,6493488,1978,325170
1649,1097,1987,6515060,1986,325170
1650,1098,1990,6535504,1990,325170
1651,1099,1987,6514644,1986,325170
1652,1100,1978,6499508,1978,325170
1653,1101,2024,6645406,2023,325170
1654,1102,1953,6421280,1952,325170
1655,1103,2067,6783955,2066,325170
1656,1104,2029,6651612,2028,325170
1657,1105,2051,6734515,2051,325170
1658,1106,1972,6491129,1972,325170
1659,1107,1854,6065511,1854,325170
1660,1108,1702,5566820,1701,325170
1661,1109,2003,6537563,2002,325170
1662,1110,2000,6569937,2000,325170
1663,1111,1995,6540277,1994,325170
1664,1112,1957,6386717,1955,325170
1665,1113,2023,6616626,2023,325170
1666,1114,1972,6457968,1971,325170
1667,1115,2018,6615469,2017,325170
1668,1116,2012,6598071,2011,325170
1669,1117,2011,6580580,2010,325170
1670,1118,1907,6235936,1905,325170
1671,1119,1160,3791623,1160,325170
1672,1120,2055,6723292,2053,325170
1673,1121,2019,6612387,2019,325170
1674,1122,1986,6502075,1986,325170
1675,1123,2047,6690742,2046,325170
1676,1124,2058,6717470,2056,325170
1677,1125,1991,6501469,1989,325170
1678,1126,2029,6640058,2028,325170
1679,1127,2007,6562670,2006,325170
1680,1128,1978,6446145,1977,325170
1681,1129,2073,6765110,2070,325170
1682,1130,2026,6627732,2026,325170
1683,1131,2001,6547046,2000,325170
1684,1132,2059,6722280,2058,325170
1685,1133,2029,6626386,2027,325170
1686,1134,1962,6425320,1961,325170
1687,1135,2014,6600135,2013,325170
1688,1136,2028,6627283,2026,325170
1689,1137,1918,6254283,1916,325170
1690,1138,2036,6652166,2035,325170
1691,1139,2036,6631901,2035,325170
1692,1140,1985,6460929,1983,325170
1693,1141,2024,6608111,2024,325170
1694,1142,2040,6656095,2039,325170
1695,1143,2008,6531241,2006,325170
1696,1144,2065,6733291,2064,325170
1697,1145,1950,6353092,1949,325170
1698,1146,2016,6562352,2014,325170
1699,1147,1982,6471010,1982,325170
1700,1148,1920,6265468,1920,325170
1701,1149,1970,6424454,1969,325170
1702,1150,1931,6280487,1929,325170
1703,1151,2076,6769672,2076,325170
1704,1152,1954,6354285,1953,325170
1705,1153,1951,6334688,1950,325170
1706,1154,2038,6645039,2036,325170
1707,1155,2004,6533769,2004,325170
1708,1156,2003,6506886,2000,325170
1709,1157,1988,6466193,1987,325170
1710,1158,1927,6246004,1925,325170
1711,1159,2051,6684540,2050,325170
1712,1160,2042,6606276,2040,325170
1713,1161,1997,6480846,1994,325170
1714,1162,1987,6462230,1985,325170
1715,1163,1999,6509580,1999,325170
1716,1164,2056,6697522,2055,325170
1717,1165,2032,6586779,2031,325170
1718,1166,1996,6473589,1995,325170
1719,1167,1961,6373612,1959,325170
1720,1168,2011,6523097,2009,325170
1721,1169,1947,6311086,1945,325170
1722,1170,2036,6614637,2035,325170
1723,1171,2068,6709363,2065,325170
1724,1172,2029,6584979,2027,325170
1725,1173,2019,6525712,2018,325170
1726,1174,1966,6377290,1964,325170
1727,1175,2098,6798282,2097,325170
1728,1176,2021,6555189,2020,325170
1729,1177,2052,6656866,2051,325170
1730,1178,2026,6560986,2023,325170
1731,1179,2086,6767085,2086,325170
1732,1180,1970,6366472,1968,325170
1733,1181,2008,6504224,2007,325170
1734,1182,1951,6311969,1950,325170
1735,1183,1993,6451935,1992,325170
1736,1184,1985,6421651,1984,325170
1737,1185,1121,3619906,1121,325170
1738,1186,1813,5856907,1813,325170
1739,1187,1982,6417915,1981,325170
1740,1188,1978,6389008,1978,325170
1741,1189,1990,6400821,1987,325170
1742,1190,1962,6334301,1961,325170
1743,1191,2015,6501540,2013,325170
1744,1192,1938,6215938,1937,325170
1745,1193,2067,6697139,2065,325170
1746,1194,1973,6368844,1972,325170
1747,1195,2013,6513704,2011,325170
1748,1196,2060,6654936,2057,325170
1749,1197,2015,6493330,2014,325170
1750,1198,2033,6567836,2033,325170
1751,1199,2049,6615734,2046,325170
1752,1200,2026,6536091,2025,325170
1753,1201,1980,6375158,1978,325170
1754,1202,2038,6569932,2037,325170
1755,1203,2016,6506692,2014,325170
1756,1204,945,3053392,945,325170
