Normalize,Type,Datetime,Na23(LR)_AVG,Na23(LR)_STD,Mg24(LR)_AVG,Mg24(LR)_STD,Al27(LR)_AVG,Al27(LR)_STD,Rh103(LR)_AVG,Rh103(LR)_STD,Na23(MR)_AVG,Na23(MR)_STD,Mg24(MR)_AVG,Mg24(MR)_STD,Al27(MR)_AVG,Al27(MR)_STD,K39(MR)_AVG,K39(MR)_STD,Fe56(MR)_AVG,Fe56(MR)_STD,Rh103(MR)_AVG,Rh103(MR)_STD
1,COLD,2022-01-03 20:03:53,115.3,15.4,37.5,3.6,92.4,1.2,29750.3,83.0,4.9,1.2,2.8,2.4,6.9,2.4,521.2,143.8,5.6,4.3,1786.8,32.1
1,COLD,2022-01-12 20:26:44,1029.1,140.1,136.1,28.3,461.9,37.3,28291.3,170.5,51.4,2.4,12.5,11.0,28.5,7.9,618.5,68.6,9.0,1.2,1779.8,58.9
1,COLD,2022-01-14 16:59:43,1194.5,130.3,202.1,16.5,233.3,14.4,29060.1,48.4,91.0,25.9,22.2,5.2,17.4,8.7,1231.6,188.7,47.9,18.0,1813.9,94.0
1,COLD,2022-01-17 19:37:44,113.9,3.2,50.0,7.5,172.2,19.4,30656.1,523.0,9.7,1.2,4.9,3.2,13.2,4.3,500.5,46.1,6.9,3.2,1901.5,111.9
1,COLD,2022-01-19 11:48:53,1435.0,104.4,222.2,20.2,284.0,11.5,27538.8,10.5,99.3,11.5,13.9,11.5,21.5,6.0,993.7,34.6,11.8,4.8,1732.6,71.8
1,COLD,2022-01-24 20:28:21,155.6,19.7,40.3,10.5,168.7,31.5,28214.3,246.6,5.6,3.1,2.1,2.1,7.6,4.3,523.0,61.2,6.9,3.2,1787.5,36.7
1,COLD,2022-01-27 10:46:22,97.9,22.5,38.2,3.2,313.2,35.7,25074.3,224.5,8.3,5.5,4.9,4.8,18.1,9.8,400.2,74.4,13.2,3.2,1706.2,39.4
1,COLD,2022-01-27 21:21:32,106.2,13.7,55.6,12.7,341.7,37.0,24716.6,469.1,9.7,3.2,0.7,1.2,18.7,7.5,374.2,73.9,44.4,10.7,1651.9,31.9
1,COLD,2022-02-07 11:01:16,246.5,31.3,254.9,4.3,529.9,44.5,44125.5,1119.9,24.3,5.2,20.8,0.0,37.5,11.0,832.8,202.9,9.0,1.2,3326.8,49.4
1,COLD,2022-02-07 21:44:11,579.4,48.5,216.7,34.4,507.1,39.7,41985.2,181.3,41.0,3.2,13.2,8.7,35.4,12.7,580.4,156.0,29.2,4.2,3068.1,142.5
1,COLD,2022-02-08 18:53:54,214.6,11.6,220.8,9.1,404.2,2.1,38150.9,625.1,15.3,2.4,13.9,1.2,25.0,5.5,1065.0,109.7,9.7,7.3,2913.9,89.8
1,COLD,2022-02-09 11:54:23,129.2,15.0,59.0,7.9,150.7,13.4,39003.6,885.7,4.9,2.4,4.2,2.1,9.2,3.1,1064.4,137.0,16.0,6.4,2920.1,67.4
1,COLD,2022-02-09 19:20:26,187.5,32.5,86.8,26.5,190.3,8.7,24383.6,665.3,0.0,0.0,0.0,0.0,0.0,0.0,55.9,4.5,17.4,3.2,1890.4,88.7
1,COLD,2022-02-11 14:56:22,172.2,43.2,59.7,8.4,169.4,6.4,26092.7,154.4,15.3,12.2,4.9,4.8,16.7,8.3,184.1,69.5,14.6,8.3,1930.1,32.7
1,COLD,2022-02-22 10:00:45,5989.2,37.4,1028.4,32.6,1804.2,78.7,63341.5,475.9,399.4,35.7,69.4,4.3,114.6,20.5,454.0,36.2,81.2,10.8,4467.1,130.9
1,COLD,2022-03-01 21:02:46,1795.1,49.1,584.9,27.5,1394.7,40.2,66176.4,1042.2,125.0,16.5,43.1,4.8,97.2,13.4,147.7,6.7,59.0,3.2,4857.2,108.8
1,COLD,2022-03-07 21:57:05,4266.8,92.0,509.8,40.6,1378.7,56.0,50617.1,478.4,317.4,25.7,29.2,6.3,95.8,21.1,244.5,21.6,41.0,5.2,3593.8,64.9
1,COLD,2022-03-14 16:15:26,696.1,30.1,332.0,38.7,874.7,56.9,45982.3,876.0,44.4,7.9,22.7,7.4,55.6,6.4,125.8,34.7,21.5,13.9,3097.4,90.5
1,COLD,2022-03-16 12:37:34,623.8,75.0,241.7,29.5,767.7,14.8,41926.2,544.6,29.2,9.5,16.0,8.7,50.0,8.3,110.8,24.0,14.9,5.4,2858.2,66.8
1,COLD,2022-03-18 14:01:23,980.4,26.8,251.4,22.9,824.7,43.9,42677.0,397.9,59.0,15.8,10.4,8.3,48.6,10.7,119.5,36.1,36.1,8.4,2673.9,60.8
1,COLD,2022-03-21 12:19:26,10217.6,190.9,418.1,91.6,442.4,31.6,40095.0,217.1,596.7,33.9,27.8,7.3,34.0,2.4,1222.2,42.3,38.2,8.7,2578.7,105.9
1,COLD,2022-03-21 19:57:20,7359.2,301.6,470.2,62.1,861.6,23.2,42635.0,494.0,441.7,22.1,31.2,3.6,54.2,11.0,824.3,19.5,35.4,9.5,2813.1,81.6
1,COLD,2022-03-22 17:49:40,332.7,12.6,198.6,14.2,379.9,32.3,41323.4,612.9,28.5,6.4,4.2,2.1,19.4,3.2,77.1,9.5,11.8,7.9,2632.2,102.7
1,COLD,2022-03-23 15:23:55,10572.4,275.1,534.2,31.3,595.3,41.9,51383.4,808.2,619.0,26.1,22.2,1.2,40.3,14.8,1358.1,83.5,43.7,12.7,3345.5,111.2
1,COLD,2022-04-13 19:44:05,550.1,26.6,227.1,9.5,428.5,41.7,38608.4,456.3,43.1,13.9,17.4,11.5,27.1,4.2,146.8,23.9,13.2,7.9,2824.1,101.4
1,COLD,2022-04-14 16:34:33,2581.4,123.4,341.0,28.9,1109.0,30.7,39519.1,343.0,166.0,8.7,22.9,5.5,80.6,9.4,154.9,23.2,31.2,2.1,2894.3,7.5
1,COLD,2022-04-18 11:14:04,382.7,36.4,75.0,10.4,334.0,18.0,30490.2,910.6,17.8,5.2,1.4,1.2,22.9,6.2,75.4,15.3,3.5,3.2,2190.8,158.2
1,COLD,2022-04-18 17:50:30,407.0,4.3,121.5,8.4,345.9,27.6,37439.4,640.9,24.3,4.3,3.6,1.3,22.9,5.5,53.8,7.8,19.4,3.2,2847.8,89.2
1,COLD,2022-04-21 12:38:10,441.7,30.8,125.0,31.5,324.3,28.4,27975.9,846.1,35.4,9.1,9.7,6.4,16.2,6.1,60.9,5.0,29.2,8.3,2076.0,75.3
1,COLD,2022-05-05 13:39:37,327.1,9.5,150.0,16.3,427.1,54.3,34573.5,803.0,20.1,8.7,8.3,3.6,27.1,3.6,54.0,5.1,46.5,8.7,2449.3,74.1
1,COLD,2022-05-09 16:52:24,129.2,7.2,100.7,24.9,325.7,30.2,32669.5,697.1,8.3,3.6,10.6,10.7,32.9,11.7,8.8,2.5,6.9,1.2,2796.5,120.7
1,COLD,2022-05-10 17:20:39,137.5,37.9,106.2,31.5,450.1,25.3,29036.2,509.2,14.2,1.5,13.8,7.7,39.6,0.0,12.8,8.3,11.8,4.4,2421.7,161.0
1,COLD,2022-05-19 17:28:24,1087.5,61.5,700.3,29.0,2450.7,90.6,35617.1,269.3,67.4,8.7,55.6,11.8,162.5,22.0,191.3,34.3,70.1,12.7,2551.5,143.7
1,COLD,2022-05-24 15:12:34,7257.6,6453.9,857.4,237.3,3449.2,1033.1,71840.5,1060.2,117.4,51.5,51.4,17.0,242.4,75.5,316.9,121.3,191.0,31.6,5547.7,137.6
1,COLD,2022-05-25 11:04:45,1332.1,18.1,877.5,60.9,2091.3,105.0,51810.8,6428.1,97.2,32.3,66.7,11.6,143.1,21.7,136.3,18.9,35.4,5.5,3877.5,132.5
1,COLD,2022-05-25 14:59:22,1192.5,791.2,835.8,35.1,2639.2,128.9,71627.8,2065.0,60.4,13.7,52.8,10.7,188.2,10.5,209.7,62.5,82.6,4.3,5572.7,53.2
1,COLD,2022-05-26 12:07:56,947.7,26.1,616.8,21.2,1173.0,41.2,44744.0,443.8,63.9,4.8,44.4,10.5,92.4,19.7,92.1,20.2,22.2,9.4,3484.6,250.3
1,COLD,2022-05-27 11:12:42,3084.8,262.9,864.3,13.6,2297.7,233.5,49294.0,729.5,237.5,16.5,66.0,17.7,172.9,22.5,276.5,83.0,136.1,11.8,3805.8,213.9
1,COLD,2022-05-31 10:36:24,738.5,167.3,429.9,22.3,1127.8,138.4,58925.3,3299.9,45.8,7.2,32.6,7.3,84.0,25.1,121.4,26.8,13.9,3.2,4631.2,94.7
1,COLD,2022-06-01 09:44:57,1125.7,26.2,508.5,32.8,953.3,26.4,41434.5,2920.3,78.5,18.7,35.4,11.6,59.0,15.6,77.3,9.4,42.4,15.1,3322.6,455.3
1,COLD,2022-06-01 18:42:40,1070.1,31.7,204.9,21.1,931.1,58.5,87180.9,349.1,87.5,5.5,19.4,12.7,77.1,33.1,1425.5,39.8,68.1,4.3,6749.3,58.8
1,COLD,2022-06-02 08:39:44,2778.9,85.5,727.4,36.2,1018.0,89.1,83564.6,1358.7,213.9,29.2,59.0,4.3,72.9,15.7,3567.1,323.9,17.4,5.2,6280.0,175.5
1,COLD,2022-06-02 16:48:03,1312.7,91.2,366.0,34.4,856.0,94.6,82409.9,792.5,109.7,10.5,30.6,1.2,63.2,22.3,2593.6,353.8,41.0,13.9,6421.1,146.9
1,COLD,2022-06-03 10:17:09,401.5,42.3,684.3,21.7,1327.3,34.4,82742.6,1851.1,39.6,11.0,53.5,9.8,90.3,7.3,1605.6,495.5,13.9,4.3,6440.6,188.5
1,COLD,2022-06-06 06:15:19,412.6,20.1,61.8,22.9,541.1,76.2,97359.3,1147.4,32.6,6.4,3.5,2.4,42.4,10.7,5277.1,467.4,34.0,14.2,7507.4,120.3
1,COLD,2022-06-06 11:37:11,388.9,32.6,338.9,9.9,761.5,60.5,82797.5,396.9,45.8,11.0,25.7,8.7,61.1,16.2,1959.8,388.2,6.2,4.2,6635.3,164.9
1,COLD,2022-06-09 12:42:51,254.2,11.6,161.1,28.0,534.8,34.7,33110.3,1085.3,27.1,11.6,15.3,6.0,49.3,1.2,241.9,12.9,16.0,5.2,2644.0,141.4
1,COLD,2022-06-13 10:49:19,285.4,25.2,150.0,10.4,499.4,5.3,18830.0,458.6,21.5,3.2,10.4,8.3,36.8,1.2,29.4,7.1,7.6,4.3,1483.0,61.0
1,COLD,2022-06-15 13:38:08,202.8,25.5,151.4,32.7,539.7,56.1,34342.2,505.4,21.5,7.3,9.0,3.2,39.6,9.1,1538.3,467.8,19.4,10.7,2955.5,153.8
1,COLD,2022-06-16 08:48:22,200.0,14.6,86.8,6.7,382.0,46.1,29940.3,359.3,10.4,5.5,5.6,1.2,36.1,6.0,171.9,127.2,6.2,2.1,2534.2,60.2
1,COLD,2022-06-16 17:06:59,230.6,19.3,76.4,16.2,471.6,33.2,28400.0,1543.3,18.1,5.2,7.6,4.3,34.7,5.2,246.7,3.3,10.4,5.5,2450.0,125.6
1,COLD,2022-06-22 23:24:02,265.3,14.6,275.7,15.1,666.2,41.7,35383.7,415.5,27.1,6.2,25.0,7.5,59.0,17.7,4638.4,169.8,6.9,1.2,3112.6,17.7
1,COLD,2022-06-23 14:42:23,186.1,8.7,99.3,21.7,316.0,39.6,27618.6,815.5,14.6,9.1,4.9,4.3,22.2,1.2,1350.1,387.2,9.0,4.3,2470.9,96.0
1,COLD,2022-06-27 15:17:25,393.1,52.8,257.0,13.2,659.3,26.8,31525.3,769.0,31.9,17.3,23.6,6.0,61.8,4.3,3405.7,780.3,16.7,5.5,2806.0,110.2
1,COLD,2022-06-28 16:04:24,309.7,24.9,135.4,12.5,454.2,32.1,33610.5,730.1,20.8,2.1,17.4,1.2,37.5,0.0,2921.7,757.8,13.9,8.4,3059.1,114.9
1,COLD,2022-06-29 17:37:20,209.7,7.9,91.0,20.0,402.8,26.8,32944.3,334.2,17.4,2.4,6.9,3.2,30.6,13.2,3136.3,190.1,6.9,3.2,3034.7,61.5
1,COLD,2022-06-30 13:26:27,238.9,35.0,136.1,8.4,415.3,14.6,29814.8,1002.4,25.7,7.9,10.4,3.6,31.2,5.5,1172.0,260.5,8.3,4.2,2718.4,173.7
1,COLD,2022-07-07 10:43:00,397.9,30.1,236.1,16.2,801.8,74.9,39420.6,740.2,31.9,7.9,23.6,7.9,75.7,15.1,2258.5,140.5,198.6,33.4,3484.5,111.6
1,COLD,2022-07-08 14:29:32,425.7,80.1,161.8,26.4,454.3,43.5,39388.6,1253.2,34.0,10.3,16.0,5.2,35.4,16.3,4475.4,567.9,15.3,4.3,3629.9,113.9
1,COLD,2022-07-11 17:55:13,247.9,11.0,107.6,21.3,638.4,51.2,38277.5,161.3,21.5,10.3,14.6,9.1,49.3,5.2,2816.0,73.4,347.2,19.4,3328.1,54.7
1,COLD,2022-07-12 15:38:07,175.4,17.7,157.6,16.95,263.3,34.5,38667.2,416.70000000000000,24.2,4.0,3.8,4.5,22.9,4.7,1763.3,112.2,33.0,37.6,3439.7,51.400000000000000
1,COLD,2022-07-14 15:51:40,308.3,19.9,207.6,12.6,789.3,28.3,39056.9,672.1,23.6,8.4,17.4,6.4,69.4,30.5,1462.3,206.8,417.4,48.7,3551.3,48.1
1,COLD,2022-07-18 15:15:57,415.3,10.3,415.3,20.9,1022.8,62.0,40372.3,218.9,34.0,1.2,36.1,9.4,86.1,7.3,2620.5,605.8,244.4,6.4,3608.3,84.9
1,COLD,2022-07-20 13:51:50,1479.5,22.9,480.7,38.7,1135.4,42.8,43089.6,426.6,110.4,28.2,54.2,4.2,95.1,24.3,4089.0,387.0,275.7,26.4,3646.6,31.0
1,COLD,2022-07-21 13:58:18,3508.9,176.2,919.9,44.8,2149.7,117.8,43366.9,89.1,288.9,2.4,78.5,12.2,191.0,13.9,7149.7,335.5,370.8,47.7,4111.1,77.3
1,COLD,2022-07-22 14:36:00,662.8,41.6,147.2,15.8,1286.3,41.9,39120.7,916.9,68.7,7.2,18.1,6.7,115.3,32.6,3235.5,340.9,291.7,28.2,3722.4,141.8
1,COLD,2022-07-25 09:34:16,1082.6,71.2,261.8,53.6,857.4,33.9,41856.6,1836.0,81.9,8.7,21.5,15.8,63.9,3.2,5609.3,394.3,160.8,125.4,3884.3,46.6
1,COLD,2022-07-27 16:55:42,1878.6,51.9,123.6,8.4,397.2,23.7,28198.6,1248.3,191.0,34.6,11.3,3.1,32.6,2.4,2405.1,238.3,68.1,11.8,2596.0,12.5
1,COLD,2022-07-28 10:05:06,361.1,14.2,212.5,46.4,500.1,25.4,27604.7,1292.2,27.8,1.2,23.6,6.4,38.2,9.8,1697.2,158.6,72.2,20.9,2584.2,83.2
1,COLD,2022-08-01 18:50:24,12446.3,58.0,732.2,76.2,1606.7,44.3,36800.7,816.5,1125.7,45.1,64.6,10.8,135.4,3.6,3296.5,237.3,138.2,33.4,3517.9,54.5
1,COLD,2022-08-04 19:58:24,887.2,31.8,295.1,3.2,1698.5,127.4,38925.9,48.9,40.3,8.4,20.8,7.2,124.3,9.8,2142.8,509.6,61.1,11.5,2813.7,186.6
1,COLD,2022-08-08 20:33:41,548.7,32.4,397.2,31.4,1289.0,17.0,30730.7,511.9,40.3,16.7,47.9,4.2,114.6,22.5,5195.5,368.7,61.1,15.9,2689.9,64.2
1,COLD,2022-08-09 11:45:11,436.2,59.0,291.0,16.2,921.3,59.6,27738.4,86.3,33.3,11.0,31.9,8.7,83.3,21.8,3400.9,402.3,25.0,2.1,2553.0,105.0
1,COLD,2022-08-10 13:03:39,260.4,39.7,70.8,16.3,439.0,38.6,24343.6,386.6,20.8,5.5,8.3,9.5,35.4,9.5,541.3,59.6,7.0,4.7,2096.2,77.5
1,COLD,2022-08-10 18:18:59,367.4,26.2,312.5,32.1,1155.6,85.1,23820.9,357.0,37.5,13.7,27.8,5.2,109.0,10.3,240.3,29.3,9.0,5.2,2009.2,79.9
1,COLD,2022-08-11 16:01:07,509.1,30.4,314.6,9.5,1158.3,24.8,24725.2,598.8,41.7,2.1,28.5,6.4,97.2,4.8,1196.7,210.5,23.6,13.9,2041.2,44.4
1,COLD,2022-08-12 15:04:36,209.7,31.3,29.2,6.2,506.4,9.0,20919.8,466.7,20.8,4.2,2.1,2.1,20.1,11.5,1139.7,45.9,6.9,4.3,1751.3,123.9
1,COLD,2022-08-15 13:43:55,403.5,15.4,70.8,7.5,532.7,15.8,34916.0,263.7,36.1,19.7,3.5,1.2,43.7,15.7,396.9,43.8,4.2,3.6,2798.4,151.9
1,COLD,2022-08-16 09:00:27,347.2,46.1,151.4,18.2,805.9,50.1,33948.5,497.7,23.6,4.3,11.1,3.2,66.0,3.2,319.5,73.4,6.2,4.2,2890.9,108.6
1,COLD,2022-08-17 14:54:01,552.2,20.1,185.4,5.5,2548.8,78.1,35841.8,289.3,43.1,12.6,11.1,5.2,192.4,21.1,561.4,94.8,17.4,4.8,2728.8,105.4
1,COLD,2022-08-18 18:56:03,254.9,36.7,31.2,9.1,973.5,82.7,35371.6,216.6,18.7,11.6,3.5,1.2,62.5,23.7,1097.9,100.1,9.5,13.0,2678.1,105.5
1,COLD,2022-08-22 10:31:54,245.1,9.4,113.9,4.3,1134.8,64.3,34794.7,323.5,20.8,7.5,6.9,6.7,86.8,4.3,669.8,176.3,8.3,4.2,2544.7,51.2
1,COLD,2022-08-23 14:47:21,318.1,17.4,196.5,12.7,1069.4,16.6,37720.5,611.9,25.0,9.1,13.2,7.9,67.4,15.6,561.4,82.0,7.6,1.2,2821.3,136.8
1,COLD,2022-08-24 15:34:31,231.9,11.8,84.0,6.7,768.4,32.4,37038.7,329.8,16.0,6.4,2.8,1.2,54.9,24.9,472.4,98.4,8.1,2.1,2702.4,85.2
1,COLD,2022-08-25 16:04:37,389.6,24.1,94.4,19.4,1206.3,81.5,38311.3,433.5,31.2,5.5,6.9,8.4,72.2,7.3,809.3,76.5,2.2,0.2,2844.3,95.9
1,COLD,2022-08-29 11:12:56,1036.1,76.6,183.3,13.7,1116.0,26.4,25866.8,118.2,75.0,9.5,7.6,4.3,82.6,26.0,134.9,32.0,9.0,3.2,1901.5,23.5
1,COLD,2022-08-29 13:14:44,1042.2,56.1,178.5,22.9,1263.3,80.8,26398.0,308.5,61.8,13.4,12.5,2.1,84.0,17.0,140.4,58.1,4.2,4.2,1880.7,32.1
1,COLD,2022-08-30 13:20:24,279.9,33.1,76.4,7.9,658.5,49.3,24308.1,362.5,13.9,6.4,4.2,2.1,35.4,7.2,95.7,26.3,11.1,3.2,1809.7,88.8
1,COLD,2022-08-31 08:37:57,1486.5,67.0,180.6,10.7,1175.0,49.6,25537.5,229.2,97.9,18.2,15.3,2.4,95.1,24.9,197.2,8.8,3.5,1.2,1786.8,114.8
1,COLD,2022-09-01 15:48:57,1851.4,22.0,217.4,6.0,1702.6,74.2,32853.8,603.5,131.2,12.7,11.1,2.4,111.1,9.6,466.5,51.4,11.1,4.3,2176.8,19.9
1,COLD,2022-09-06 11:23:26,266.0,21.7,148.6,14.8,1282.8,35.7,32747.8,373.2,13.9,7.9,13.9,4.3,90.3,4.3,160.6,23.9,26.4,20.6,2150.4,101.4
1,COLD,2022-09-06 17:43:47,263.9,37.5,77.8,13.9,635.6,79.2,32666.4,555.1,10.4,3.6,4.2,3.6,43.7,14.6,275.1,76.0,10.4,5.5,2265.1,98.3
1,COLD,2022-09-07 10:45:47,238.2,31.2,124.3,15.9,1050.6,43.4,32518.8,400.8,19.4,15.1,7.6,2.4,61.1,12.2,250.0,47.0,18.1,9.6,2184.5,177.4
1,COLD,2022-09-12 11:36:28,256.3,13.7,286.8,25.0,1232.7,34.4,31766.5,242.7,16.0,6.7,24.3,6.4,75.0,14.6,275.0,37.1,29.9,6.7,2235.9,83.8
1,COLD,2022-09-12 15:49:53,232.6,9.8,136.1,7.9,659.3,29.9,32130.8,423.9,19.4,4.3,5.6,4.8,47.2,7.9,375.1,43.6,18.1,3.2,2153.9,48.1
1,COLD,2022-09-13 13:36:21,366.7,16.5,90.3,26.8,673.8,18.0,33242.4,284.6,16.7,8.3,6.2,5.5,45.8,10.4,136.1,16.9,23.6,1.2,2216.5,14.4
1,COLD,2022-09-14 15:00:45,224.3,35.4,275.7,37.8,1386.3,27.3,29740.2,355.5,23.6,3.2,22.9,7.2,81.2,3.6,619.7,139.7,25.7,3.2,1885.5,135.0
1,COLD,2022-09-19 11:33:52,198.6,33.4,202.8,22.3,865.0,27.6,29117.0,634.1,11.1,6.4,13.9,11.8,61.1,33.1,213.3,8.1,6.2,5.5,1971.1,57.8
1,COLD,2022-09-20 15:57:12,479.2,13.0,134.7,24.9,813.6,46.2,34220.6,553.8,26.4,7.3,8.3,3.6,40.3,7.3,526.7,67.8,43.7,3.6,2144.9,110.7
1,COLD,2022-09-23 14:29:00,994.3,47.0,120.1,15.1,636.3,75.0,35868.1,912.3,70.1,12.6,9.7,4.8,31.2,5.5,266.8,48.4,13.9,4.3,1835.4,46.4
1,COLD,2022-09-26 11:13:48,309.0,14.2,177.8,18.8,437.5,52.3,21558.7,208.8,19.4,1.2,8.3,3.6,30.6,5.2,4.9,5.7,9.7,5.2,1447.6,43.3
1,COLD,2022-09-26 18:52:11,1398.2,57.9,316.0,38.0,563.3,55.3,22139.2,110.9,100.7,15.6,6.2,3.6,22.9,11.0,61.9,20.8,16.0,7.3,1365.5,95.0
1,COLD,2022-09-27 10:55:41,359.7,28.2,164.6,13.7,459.1,42.8,22747.6,269.4,24.3,10.5,8.3,3.6,29.2,5.5,11.2,4.3,5.6,4.3,1403.1,117.6
1,COLD,2022-09-28 17:57:28,924.1,21.1,131.2,15.0,442.4,63.9,22764.3,501.5,55.6,6.7,8.3,7.5,25.0,7.5,80.2,3.6,6.9,6.4,1431.6,81.1
1,COLD,2022-09-29 12:09:19,252.8,5.2,209.0,7.9,451.5,58.6,22219.3,571.5,16.7,3.6,10.4,2.1,22.9,3.6,11.6,6.1,2.8,2.4,1273.7,43.1
1,COLD,2022-10-03 16:07:46,235.4,16.5,54.2,13.7,266.7,52.2,20100.7,405.4,10.4,4.2,2.8,1.2,9.7,3.2,6.5,5.3,6.9,4.3,1216.1,79.0
1,COLD,2022-10-03 18:24:30,257.0,28.7,54.2,17.1,206.9,22.3,19038.0,222.4,13.2,9.4,2.8,1.2,18.7,2.1,18.2,13.5,3.5,4.3,1191.1,67.8
1,COLD,2022-10-07 15:40:26,275.7,7.3,47.2,11.5,286.1,3.2,20036.6,95.6,13.2,9.8,3.5,2.4,14.6,3.6,10.8,9.9,2.1,0.0,1314.1,15.4
1,COLD,2022-10-10 17:34:47,261.8,19.4,26.4,11.5,175.0,21.7,21957.6,425.0,19.7,14.1,0.0,0.0,2.6,2.8,3.7,1.0,1.5,1.3,1522.1,83.5
1,COLD,2022-10-11 10:53:20,236.1,13.6,158.3,4.2,382.7,12.2,18315.7,152.9,13.9,9.8,6.2,0.0,20.8,13.7,29.3,6.1,2.1,2.1,1087.5,31.9
1,COLD,2022-10-17 12:57:22,2169.2,36.6,173.6,20.6,305.6,13.6,17368.5,198.5,150.8,15.3,6.8,9.7,9.9,7.3,119.8,15.1,0.0,0.0,1169.1,53.2
1,COLD,2022-10-18 12:09:38,241.0,28.4,45.1,10.3,327.1,11.6,20748.6,282.4,17.6,16.7,2.2,2.1,25.4,9.5,63.1,34.3,156.7,11.5,1341.2,27.2
1,COLD,2022-10-18 19:33:41,231.2,17.1,54.2,6.3,320.8,9.1,20309.4,368.8,13.9,5.2,2.1,3.6,17.4,12.7,25.3,13.7,5.6,1.2,1237.6,19.3
1,COLD,2022-10-19 14:36:41,345.8,24.6,82.6,2.4,313.2,49.7,21241.3,504.7,20.1,6.4,3.5,1.2,18.7,2.1,13.2,3.2,4.2,2.1,1215.3,50.2
1,COLD,2022-10-20 14:15:04,700.3,9.5,134.7,25.9,382.0,22.9,23451.2,355.6,39.6,5.5,5.6,3.2,20.1,4.8,17.7,9.1,3.5,3.2,1392.6,50.6
1,COLD,2022-10-24 11:07:38,502.2,30.7,73.6,11.5,295.8,35.0,20752.8,329.9,27.8,8.4,2.8,1.2,10.4,3.6,21.5,16.9,6.9,4.3,1234.1,61.1
1,COLD,2022-10-24 15:15:58,393.1,26.4,60.4,7.5,263.9,4.8,21594.2,338.9,17.4,1.2,1.4,1.2,18.1,10.3,9.0,3.7,5.6,3.2,1213.3,7.2
1,COLD,2022-10-25 12:25:08,332.6,12.7,130.6,16.7,311.1,22.1,22451.0,452.6,19.4,3.2,6.9,4.3,17.4,6.0,6.5,2.7,0.7,1.2,1346.1,49.5
1,COLD,2022-10-26 11:06:03,310.4,34.7,281.9,32.3,598.1,30.8,22813.1,205.5,20.8,7.5,6.9,3.2,26.4,1.2,7.2,4.2,0.7,1.2,1309.9,81.5
1,COLD,2022-10-26 15:25:07,342.4,31.9,170.8,14.6,299.3,31.4,24214.1,122.8,25.0,6.2,15.3,1.2,19.4,12.2,9.6,3.7,2.8,1.2,1414.2,51.2
1,COLD,2022-10-27 15:44:32,536.9,73.4,173.6,21.0,373.0,122.8,23802.8,375.6,29.9,18.9,16.0,4.3,21.5,8.4,22.6,13.8,13.2,5.2,1405.9,53.4
1,COLD,2022-10-31 09:37:06,411.1,12.6,473.7,20.3,323.6,7.9,21256.7,395.5,20.1,12.7,29.2,9.1,20.1,3.2,91.3,9.9,36.8,13.2,1183.4,49.6
1,COLD,2022-11-01 12:15:47,435.5,24.0,51.4,14.6,231.9,4.3,24055.5,382.7,22.2,8.7,5.6,3.2,5.6,3.2,8.2,5.1,22.2,4.8,1305.7,79.0
1,COLD,2022-11-01 16:27:45,244.4,9.8,50.0,3.6,596.0,70.1,23986.5,369.1,16.0,3.2,4.2,4.2,21.5,3.2,27.1,3.7,6.2,4.2,1356.4,130.5
1,COLD,2022-11-01 19:53:03,510.5,81.3,79.2,43.5,270.2,48.7,26686.1,288.4,32.6,4.3,4.9,4.3,12.5,6.2,26.7,17.6,32.6,4.3,1587.2,17.7
1,COLD,2022-11-02 10:53:15,279.2,11.6,48.6,12.7,332.7,46.9,22741.3,300.5,11.1,5.2,3.5,4.3,14.6,4.2,12.3,8.2,0.7,1.2,1303.6,52.1
1,COLD,2022-11-04 15:25:31,507.7,24.3,113.9,11.8,432.0,31.3,21764.7,222.0,31.1,11.1,11.8,2.4,26.4,7.3,11.9,5.5,4.9,3.2,1136.8,12.7
1,COLD,2022-11-07 12:09:48,254.2,25.3,84.7,6.0,375.0,59.1,23268.2,275.7,12.5,2.1,4.2,2.1,18.1,6.7,16.6,7.2,4.9,2.4,1275.1,91.1
1,COLD,2022-11-07 16:14:05,933.8,92.3,103.5,10.5,424.4,7.4,21591.4,225.1,53.5,3.2,8.3,4.2,27.1,11.6,60.2,23.0,5.6,2.4,1176.4,73.2
1,COLD,2022-11-08 17:15:19,695.4,13.5,202.8,29.8,717.0,36.2,22545.7,320.8,40.3,12.7,17.4,5.2,35.4,3.6,44.2,15.9,2.8,3.2,1196.6,23.6
1,COLD,2022-11-09 10:31:14,241.0,28.3,79.9,12.6,437.5,10.4,22627.7,139.2,11.8,6.7,5.6,3.2,29.9,16.7,7.6,7.9,1.4,1.2,1338.4,99.7
1,COLD,2022-11-09 19:54:06,981.8,81.3,215.3,58.9,507.0,38.8,21605.9,305.8,49.3,21.1,14.6,8.3,28.5,11.8,63.5,14.4,8.3,9.5,1177.8,33.3
1,COLD,2022-11-10 02:36:12,286.1,4.8,85.4,6.2,244.4,39.7,23044.7,256.3,16.7,6.2,4.9,2.4,4.9,5.2,14.5,8.5,5.6,6.4,1168.1,36.6
1,COLD,2022-11-10 16:10:59,990.2,89.7,219.4,10.3,543.2,24.1,21839.1,196.3,46.5,8.7,13.9,1.2,18.7,3.6,60.3,19.2,4.2,5.5,1191.0,31.5
1,COLD,2022-11-14 11:10:12,267.4,8.4,181.2,13.7,356.3,28.2,23846.6,434.7,16.7,9.5,13.9,8.4,20.1,6.4,15.1,8.8,6.2,3.6,1307.2,18.3
1,COLD,2022-11-15 16:25:04,1243.9,53.6,254.2,36.1,706.5,40.2,23068.3,261.3,79.2,15.7,13.9,6.0,29.2,3.6,97.5,23.1,16.7,10.4,1185.5,68.0
1,COLD,2022-11-16 19:07:10,1345.4,17.4,255.6,20.9,853.9,20.9,22940.3,294.2,83.3,19.9,9.7,9.6,38.2,18.2,109.3,17.7,16.0,4.8,1303.6,52.2
1,COLD,2022-11-17 10:03:20,250.0,7.5,52.8,11.5,370.1,20.6,23919.0,240.7,11.1,10.5,2.1,2.1,11.8,3.2,39.5,3.2,2.4,2.6,1263.3,25.3
1,COLD,2022-11-17 21:09:12,197.2,13.9,31.2,7.5,355.6,4.3,22952.2,206.5,10.4,3.6,2.1,3.6,11.1,2.4,23.6,9.5,0.0,0.0,1116.7,83.7
1,COLD,2022-11-21 11:27:47,306.3,42.8,76.4,9.6,425.7,44.7,23095.6,139.4,15.3,3.2,4.2,2.1,25.7,13.6,22.7,2.5,3.5,6.0,1254.3,33.8
1,COLD,2022-11-22 08:34:47,256.2,32.3,42.4,8.4,441.0,19.4,22918.7,300.5,15.2,6.1,0.7,1.2,24.1,10.0,32.9,10.1,63.9,63.6,1187.3,28.0
1,COLD,2022-11-23 10:30:46,234.0,8.4,79.9,12.7,425.7,35.5,22691.9,214.2,9.3,4.4,0.7,1.3,19.7,7.4,35.7,2.4,143.5,7.5,1283.8,61.9
1,COLD,2022-11-23 15:48:18,2073.2,73.6,168.1,11.5,338.2,25.9,23041.2,564.7,94.4,9.6,6.2,5.5,10.4,5.5,42.6,7.2,5.6,4.3,1224.4,45.3
1,COLD,2022-11-29 10:26:40,277.1,20.5,60.4,12.7,222.9,45.7,19981.0,323.2,3.0,5.2,0.8,1.4,7.1,12.2,0.0,0.0,0.8,1.4,1035.1,91.8
1,COLD,2022-11-30 15:18:28,219.4,22.3,141.7,13.0,297.9,31.5,26136.0,360.8,11.1,1.2,8.3,2.1,15.3,3.2,23.6,8.7,2.8,1.2,1443.4,32.4
1,COLD,2022-12-01 21:28:21,1245.3,15.9,113.9,15.4,492.4,32.7,25846.6,227.2,1708.8,1655.7,3.5,3.2,29.9,13.4,73.8,8.2,7.6,4.3,1471.2,31.3
1,COLD,2022-12-02 12:30:04,1031.1,44.6,135.4,19.1,424.4,16.7,25103.0,362.4,61.8,2.4,4.2,2.1,29.9,8.7,73.8,4.8,9.7,7.3,1439.9,82.6
1,COLD,2022-12-05 12:57:52,333.4,24.6,117.4,22.3,438.2,31.4,25294.3,38.1,20.1,2.4,4.2,3.6,18.1,5.2,21.9,5.0,3.5,1.2,1447.6,13.9
1,COLD,2022-12-06 09:20:08,357.0,40.1,97.9,19.9,454.2,54.2,25288.2,457.1,20.1,15.1,5.6,1.2,21.5,6.0,12.7,13.1,2.8,3.2,1437.1,52.2
1,COLD,2022-12-06 19:03:39,184.0,14.6,25.0,3.6,160.4,11.6,25581.2,401.2,11.8,7.9,1.4,1.2,9.0,2.4,19.8,5.4,6.2,2.1,1419.0,72.0
1,COLD,2022-12-07 13:45:26,215.3,31.3,63.2,17.5,197.2,30.5,24106.1,469.8,11.8,7.3,3.5,3.2,11.8,4.8,21.0,5.6,2.1,2.1,1334.9,51.2
1,COLD,2022-12-08 09:53:33,244.4,13.9,54.9,8.4,396.6,53.7,25863.2,203.4,16.7,3.6,4.2,3.6,27.1,16.5,19.5,7.4,4.9,4.8,1408.6,31.3
1,COLD,2022-12-09 15:20:04,211.1,17.7,52.8,7.3,311.1,16.9,26569.8,178.6,9.7,6.7,2.1,2.1,18.1,4.3,29.5,5.6,2.1,2.1,1492.7,30.0
1,COLD,2022-12-12 17:00:58,158.3,11.0,60.4,11.6,319.5,5.2,25271.4,133.5,7.6,1.2,0.7,1.2,20.8,4.2,14.2,9.9,8.3,3.6,1455.9,41.4
1,COLD,2022-12-13 13:52:00,15113.5,96.5,972.7,40.2,448.0,35.1,25197.2,258.8,796.2,31.5,58.3,3.6,17.4,3.2,1005.3,31.6,18.8,21.2,1383.6,30.5
1,COLD,2022-12-14 19:27:43,313.2,187.5,110.4,65.3,235.4,57.3,25738.4,428.5,11.1,3.2,2.1,2.1,11.1,4.3,23.0,5.5,4.9,2.4,1445.5,56.6
1,COLD,2022-12-15 09:37:06,186.1,49.2,47.9,8.3,227.8,28.3,26058.1,295.2,10.4,3.6,5.6,1.2,7.6,4.3,7.3,5.1,1.5,1.3,1472.6,74.9
1,COLD,2022-12-16 18:16:15,195.1,18.0,44.4,4.3,196.5,29.8,24726.4,365.8,13.2,3.2,2.1,2.1,8.4,7.4,28.2,5.1,0.7,1.2,1446.1,108.4
1,COLD,2022-12-18 15:17:17,252.1,15.7,102.1,7.5,318.8,25.2,25100.9,656.9,13.9,8.7,4.9,2.4,16.7,7.5,17.3,7.3,2.1,2.1,1476.7,73.4
1,COLD,2022-12-19 09:48:45,174.3,11.8,31.9,7.3,188.2,24.9,26256.4,36.5,9.7,1.2,4.2,2.1,6.4,5.6,25.9,8.9,1.4,2.4,1510.1,64.3
1,COLD,2022-12-21 09:44:52,115.3,7.3,77.8,17.0,340.3,10.5,25272.0,433.5,4.9,1.2,4.9,6.7,16.0,3.2,13.3,10.1,4.9,2.4,1474.7,99.8
1,COLD,2022-12-21 17:30:20,237.5,23.2,88.9,20.4,366.7,23.2,25556.8,90.4,11.8,3.2,4.9,1.2,19.4,1.2,25.4,7.3,5.0,2.5,1488.5,22.6
1,COLD,2022-12-28 09:44:26,170.8,16.3,54.2,9.5,249.3,28.9,27342.4,232.9,8.3,3.6,2.9,1.1,10.4,4.2,17.7,14.5,4.4,2.1,1652.6,47.1
1,COLD,2023-01-04 14:39:58,272.2,11.5,100.0,9.1,970.6,22.5,19879.8,311.1,16.7,7.5,6.9,1.2,47.2,9.8,16.9,6.8,46.5,14.2,1248.0,30.9
1,COLD,2023-01-04 18:40:59,236.8,22.9,132.6,19.7,278.5,26.8,19223.8,427.7,13.9,7.3,9.7,4.3,19.4,6.4,34.2,22.9,2.1,2.1,1248.7,66.9
1,COLD,2023-01-05 10:47:32,697.5,22.5,77.1,15.7,227.8,18.0,19334.4,245.5,48.6,9.4,4.2,5.5,11.1,1.2,49.2,11.0,4.2,3.6,1192.4,19.1
1,COLD,2023-01-05 18:15:53,320.1,10.3,152.8,9.8,256.2,24.6,20431.1,195.3,16.7,7.5,10.4,5.5,16.7,7.5,28.4,14.7,9.0,6.4,1241.1,24.2
1,COLD,2023-01-09 11:28:48,167.4,19.4,54.2,7.2,287.5,22.1,19301.0,314.3,13.2,4.3,2.8,3.2,9.7,6.0,18.9,1.0,2.8,3.2,1184.8,24.7
1,COLD,2023-01-10 09:25:11,468.8,35.1,61.1,5.2,229.9,40.9,24636.5,75.7,25.0,9.5,2.8,1.2,9.8,5.1,21.3,5.8,7.6,7.3,1321.7,100.7
1,COLD,2023-01-11 09:52:01,332.7,17.7,25.7,13.9,170.8,9.5,24597.6,120.3,18.1,6.4,1.4,2.4,8.3,3.6,19.2,7.4,2.8,1.2,1421.8,25.4
1,COLD,2023-01-11 18:13:10,722.5,19.4,125.7,24.9,254.2,45.7,24626.1,57.3,38.9,6.4,9.0,6.4,9.0,4.3,22.9,5.8,11.2,7.2,1466.3,30.2
1,COLD,2023-01-12 18:55:49,217.4,13.4,34.7,9.6,225.0,27.6,25103.6,275.7,10.4,7.5,0.7,1.2,13.2,5.2,19.4,8.9,7.6,6.4,1441.3,19.4
1,COLD,2023-01-13 15:36:11,482.7,36.7,72.9,15.0,457.7,64.4,22561.5,231.7,25.7,9.6,4.9,2.4,24.3,5.2,29.1,17.0,9.7,4.8,1353.0,34.3
1,COLD,2023-01-16 11:22:21,214.6,27.3,57.6,7.3,169.5,14.8,23843.7,457.9,16.0,5.2,4.9,2.4,10.4,2.1,15.7,5.7,6.9,5.2,1497.6,50.1
1,COLD,2023-01-16 14:37:44,617.6,40.7,95.1,6.7,493.8,19.9,22883.8,416.0,38.9,12.2,7.6,1.2,36.8,8.7,42.9,6.3,18.7,2.1,1268.9,20.9
1,COLD,2023-01-16 21:15:12,211.8,16.8,28.5,7.9,143.7,14.4,23412.8,756.3,12.5,3.6,0.0,0.0,10.4,2.1,23.8,10.8,6.2,2.1,1391.9,68.8
1,COLD,2023-01-17 17:50:12,721.1,24.6,105.6,16.7,507.0,22.3,21658.8,326.0,33.3,11.6,4.2,2.1,30.6,7.9,47.6,9.5,21.5,7.9,1348.1,115.0
1,COLD,2023-01-18 14:51:41,783.7,47.1,149.3,12.6,559.8,46.9,22616.0,343.6,47.9,6.2,8.3,5.5,32.6,7.9,77.8,22.5,20.1,4.8,1359.9,55.4
1,COLD,2023-01-19 15:38:29,961.6,29.3,175.0,22.9,552.2,13.7,22403.5,285.5,63.9,6.4,10.4,4.2,38.2,6.7,66.7,6.3,22.9,4.2,1397.5,102.2
1,COLD,2023-01-20 14:58:46,372.9,38.6,157.6,32.6,1023.5,41.9,24630.9,316.6,19.4,7.3,10.4,2.1,51.4,4.3,19.5,9.9,7.6,3.2,1522.6,40.0
1,COLD,2023-01-23 17:11:54,739.2,49.0,252.1,23.5,1186.8,40.5,36625.5,440.0,45.1,12.7,13.2,1.2,61.1,9.4,957.3,49.0,23.6,13.9,2384.0,25.0
1,COLD,2023-01-24 10:30:54,408.4,25.6,41.7,7.2,438.2,22.9,30525.2,378.2,21.5,11.8,4.9,3.2,27.1,7.5,562.7,31.9,32.6,5.2,1854.2,94.0
1,COLD,2023-01-24 19:19:27,382.0,22.5,96.5,32.6,577.2,37.7,32673.0,418.2,24.3,6.4,6.2,2.1,37.5,11.6,321.3,82.5,50.7,15.1,2106.6,103.4
1,COLD,2023-01-25 10:41:19,528.6,64.1,141.0,21.4,669.7,7.9,43356.6,606.2,31.2,8.3,9.1,5.8,53.5,2.4,23.3,2.2,50.0,22.0,2845.0,164.7
1,COLD,2023-01-25 19:51:47,1158.3,12.7,484.8,80.6,1960.6,77.3,45168.6,61.7,84.7,13.6,29.2,13.7,95.8,9.5,67.5,16.7,18.7,2.1,2970.8,81.7
1,COLD,2023-01-30 12:28:56,611.3,35.8,75.7,15.8,1062.4,46.5,41494.0,506.3,47.9,7.2,5.6,2.4,74.3,8.7,29.4,5.0,25.0,6.2,2909.6,103.6
1,COLD,2023-01-30 19:30:58,1882.0,71.4,862.3,24.9,2244.9,80.4,41623.3,1017.7,125.0,23.2,60.4,12.7,135.4,20.5,68.3,20.5,35.4,6.2,2976.3,66.2
1,COLD,2023-02-02 17:39:11,370.9,27.1,164.6,13.7,345.1,13.4,40261.6,721.2,27.1,2.1,9.0,6.4,25.7,8.7,15.0,2.0,19.4,8.4,2844.2,108.4
1,COLD,2023-02-07 19:34:09,649.5,17.7,31.2,6.2,280.6,42.1,40365.9,233.5,52.1,7.2,2.1,2.1,18.7,0.0,13.3,7.5,11.8,5.2,2943.6,63.3
1,COLD,2023-02-08 15:15:42,638.4,81.3,25.7,14.2,334.0,24.1,40680.0,213.7,50.0,7.5,2.1,2.1,22.9,5.5,26.8,10.5,11.8,8.4,2954.1,39.0
1,COLD,2023-02-08 17:19:41,924.8,59.9,86.8,40.2,501.5,142.4,39753.3,476.4,47.2,3.2,2.1,2.1,29.2,11.6,25.4,11.3,16.0,4.3,2862.3,18.8
1,COLD,2023-02-08 21:14:46,3648.7,232.5,179.9,37.5,312.5,9.1,38057.8,330.7,263.9,9.4,8.3,4.2,27.8,6.4,199.2,35.7,18.7,5.5,2822.7,109.2
1,COLD,2023-02-09 10:11:20,482.0,10.3,102.1,7.5,469.5,73.8,36039.7,157.5,36.8,17.3,4.9,1.2,36.1,13.4,39.7,9.9,19.0,15.0,2700.3,41.8
1,COLD,2023-02-13 21:56:19,313.2,7.3,54.9,16.7,127.8,7.9,38752.3,325.1,25.7,8.4,5.6,3.2,13.2,2.4,28.1,7.1,33.3,9.1,3054.2,49.8
1,COLD,2023-02-14 11:13:50,341.0,39.1,30.6,1.2,167.4,22.3,38146.8,555.1,24.3,4.8,3.5,1.2,18.1,2.4,19.7,9.5,34.8,30.1,3038.9,119.0
1,COLD,2023-02-20 10:54:12,334.7,53.8,22.9,7.5,124.3,33.9,37686.5,691.0,27.1,7.5,1.4,1.2,13.2,4.3,31.3,11.2,37.0,18.8,3091.7,31.4
1,COLD,2023-02-20 20:15:56,341.7,21.7,65.3,5.2,549.4,67.9,36014.7,282.1,29.9,8.4,2.8,1.2,46.5,3.2,42.1,2.7,125.0,23.2,2927.6,18.1
1,COLD,2023-02-21 10:22:41,919.9,55.6,122.2,13.4,279.2,3.6,36903.3,377.5,73.6,10.3,13.2,4.3,26.4,4.8,75.4,13.5,76.5,8.7,3127.2,108.5
1,COLD,2023-02-22 14:00:01,303.5,40.4,64.6,15.0,137.5,30.8,39947.8,538.6,24.3,6.4,2.1,2.1,13.9,12.0,95.4,14.6,93.5,51.6,3341.3,73.9
1,COLD,2023-02-24 14:54:53,375.7,28.4,68.1,6.7,246.5,17.5,45171.8,356.1,36.8,9.4,8.3,5.5,23.6,3.2,52.8,6.5,129.2,25.3,3666.8,101.4
1,COLD,2023-02-27 16:39:49,1692.9,88.8,707.9,23.7,376.4,39.4,39527.0,403.7,142.4,24.1,58.3,14.6,28.5,6.7,132.5,24.0,153.2,19.9,3396.3,150.8
1,COLD,2023-02-28 10:18:41,624.5,17.0,71.5,13.9,155.6,36.4,40194.4,191.4,47.9,10.8,8.3,3.6,17.9,5.6,133.6,16.7,200.4,22.5,3375.4,60.5
1,COLD,2023-03-01 20:02:27,534.8,26.6,241.7,42.1,1129.2,59.1,37026.3,238.2,50.0,11.0,16.9,4.5,83.3,16.5,69.3,13.5,195.1,39.0,3168.9,81.3
1,COLD,2023-03-06 20:45:07,23659.3,643.4,490.3,22.5,580.7,26.4,51908.0,685.0,1320.3,137.8,32.6,3.2,36.1,4.8,882.9,78.0,57.6,4.3,3442.9,29.2
1,COLD,2023-03-08 17:18:40,8190.2,259.2,750.3,62.2,713.4,38.6,52810.7,1840.2,428.5,21.0,40.3,10.5,47.2,6.0,1305.5,55.9,46.5,16.2,3529.1,195.3
1,COLD,2023-03-09 06:59:35,7224.2,39.7,34.0,13.9,246.5,31.6,48421.7,1086.9,350.7,22.8,2.1,2.1,10.4,5.5,1159.3,176.8,11.1,6.0,3134.9,76.1
1,COLD,2023-03-09 06:59:35,7224.2,39.7,34.0,13.9,246.5,31.6,48421.7,1086.9,350.7,22.8,2.1,2.1,10.4,5.5,1159.3,176.8,11.1,6.0,3134.9,76.1
1,COLD,2023-03-10 17:52:10,353.5,2.4,36.8,11.8,247.2,14.2,51566.6,975.9,20.1,4.8,2.8,4.8,16.7,6.2,1580.0,143.0,5.0,3.5,3535.3,98.0
1,COLD,2023-03-10 18:05:56,15987.3,23.7,9348.8,222.6,10143.8,102.5,22439.6,195.2,963.0,39.9,559.8,39.7,590.4,28.0,2443.4,67.1,507.0,35.5,1469.8,104.5
1000,COLD,2023-03-10 18:10:04,164798.5,2277.0,94267.0,1063.4,93891.0,787.6,23600.0,456.1,9822.3,154.9,5613.6,103.6,5653.3,82.5,11221.9,35.9,5361.2,156.1,1489.2,33.1
1,COLD,2023-03-11 15:16:45,454.2,21.2,70.8,10.8,177.8,5.2,50193.8,1214.4,33.3,7.2,5.0,3.0,18.1,4.3,990.5,18.3,13.9,7.9,3390.7,95.7
1,COLD,2023-03-14 19:14:28,910.2,6.7,158.3,12.5,265.3,25.1,55976.8,707.0,59.0,10.3,11.1,4.3,16.0,2.4,2325.4,287.3,11.1,2.4,4147.9,259.4
1,COLD,2023-03-17 04:13:00,7312.5,228.4,195.8,9.5,313.2,25.7,50628.6,295.1,512.6,32.4,11.1,1.2,22.9,4.2,1480.8,74.5,16.7,3.6,3908.7,120.6
1,COLD,2023-03-20 18:04:12,6576.1,245.3,312.5,18.5,420.9,24.6,53558.8,449.2,480.6,70.0,26.4,11.8,35.4,15.0,1002.4,64.9,26.4,12.6,4083.9,136.4
1,COLD,2023-03-21 10:47:15,3105.6,206.0,28.5,5.2,241.7,29.6,51865.4,1257.6,200.7,31.3,3.5,1.2,20.8,2.1,1803.7,161.5,11.8,4.8,4167.4,116.6
1,COLD,2023-03-21 15:45:05,4412.8,84.7,380.6,7.9,454.3,36.3,53585.9,897.8,329.2,41.5,32.6,10.3,42.4,4.3,1498.5,137.0,20.1,12.6,4274.4,206.0
1,COLD,2023-03-21 20:24:14,4828.6,229.7,418.1,47.9,395.2,38.5,52625.6,699.2,359.7,11.5,29.9,3.2,32.6,3.2,1841.9,69.7,23.6,4.3,4101.3,173.0
1,COLD,2023-03-23 10:26:59,2583.5,91.8,86.1,6.7,208.3,15.7,50237.4,1279.3,202.8,18.9,4.9,2.4,13.2,5.2,1171.4,159.4,17.4,10.3,3994.2,131.7
1,COLD,2023-03-23 19:00:15,3066.0,149.4,377.8,33.5,388.2,19.4,49030.9,816.6,254.2,15.7,22.2,9.8,26.4,3.2,1252.9,87.3,59.7,4.3,3894.1,158.2
1,COLD,2023-03-24 19:02:24,1249.4,17.6,47.2,8.7,120.8,8.3,48627.5,1198.9,82.6,12.2,4.2,4.2,13.2,5.2,1207.1,60.6,20.8,7.5,3894.8,117.5
1,COLD,2023-03-27 12:20:17,422.3,274.2,163.9,142.7,329.9,100.9,41326.9,974.4,11.8,1.2,5.6,6.0,21.9,2.7,1899.4,193.8,23.3,5.1,3358.8,34.5
1,COLD,2023-03-27 16:12:58,208.3,14.4,19.4,6.0,91.0,17.3,63154.6,1396.7,12.5,0.0,3.5,4.3,6.3,3.5,1293.8,268.2,23.4,29.6,5204.8,145.3
1,COLD,2023-03-28 13:02:10,505.6,8.7,49.3,9.6,161.1,7.3,67496.9,253.2,31.9,14.6,4.2,3.6,16.0,7.3,1262.0,314.4,24.4,13.6,5622.0,39.4
1,COLD,2023-03-29 14:46:30,541.1,57.3,54.9,10.3,165.3,15.9,67335.2,757.3,46.5,8.4,4.9,4.8,14.6,5.5,826.6,162.5,18.7,10.9,5505.2,31.4
1,COLD,2023-03-29 19:34:33,584.2,46.2,44.4,3.2,144.4,13.9,67477.0,882.0,43.7,9.1,4.2,5.5,12.5,4.2,918.7,126.6,45.5,9.1,5386.3,18.7
1,COLD,2023-04-03 19:40:38,3107.0,206.8,147.2,13.9,159.0,13.6,27553.6,713.0,245.8,4.2,14.6,5.5,11.8,3.2,2132.9,265.8,12.5,9.1,2381.2,63.3
1,COLD,2023-04-03 23:37:18,8224.3,116.9,175.7,6.7,389.6,32.7,27979.0,190.5,611.3,43.4,11.1,2.4,29.2,9.1,2727.8,490.0,38.9,25.6,2347.8,114.3
1,COLD,2023-04-06 11:37:55,2311.7,185.2,37.5,13.7,390.3,34.2,50969.5,303.1,194.4,23.2,5.3,7.5,23.6,6.7,1682.4,252.9,19.9,3.9,4460.1,101.8
1,COLD,2023-04-06 17:04:31,21314.9,378.2,196.5,15.6,786.4,82.3,48439.6,212.1,1543.4,48.1,17.4,10.3,69.4,3.2,1801.4,355.0,55.6,15.4,4065.1,95.2
1,COLD,2023-04-07 13:07:42,1857.7,44.6,197.2,23.0,744.8,56.1,47120.7,842.9,141.0,17.7,15.3,3.2,57.6,1.2,1544.4,268.9,40.3,17.3,3957.4,73.6
1,COLD,2023-04-10 15:56:50,1008.2,63.1,17.4,5.2,234.7,18.9,51883.8,1082.3,93.7,9.1,3.5,2.4,23.6,4.3,1706.4,229.1,43.9,23.8,4434.3,139.2
1,COLD,2023-04-10 19:45:46,1019.3,110.2,41.7,11.0,256.3,45.7,51299.2,168.9,61.1,12.0,3.5,3.2,22.2,1.2,1045.9,48.7,20.4,16.0,4420.4,185.8
1,COLD,2023-04-13 11:28:55,1072.1,105.9,34.0,12.2,458.4,66.8,52274.7,448.7,97.2,18.7,3.5,6.0,33.3,9.1,1526.4,177.1,65.3,32.9,4332.8,51.3
1,COLD,2023-04-13 15:44:10,764.2,17.7,54.2,22.9,546.0,47.2,48977.3,352.1,57.6,7.3,6.0,1.8,36.1,4.3,2197.8,340.9,47.1,35.3,4068.6,222.6
1,COLD,2023-04-17 19:56:56,790.6,36.5,56.2,22.9,375.7,3.2,48517.2,172.5,52.8,20.0,2.9,1.1,25.7,8.7,2829.8,309.2,90.8,71.5,4024.8,151.5
1,COLD,2023-04-18 18:02:13,2325.5,26.1,211.8,55.2,325.0,24.0,51104.6,600.0,137.5,11.6,96.5,46.9,29.2,5.5,641.9,41.2,62.5,37.8,4332.8,194.8
1,COLD,2023-04-19 18:07:42,1860.5,78.3,91.7,23.5,368.1,34.5,57995.1,1115.6,118.1,9.8,9.7,4.3,34.0,4.3,911.6,110.3,80.9,48.1,5014.2,109.1
1,COLD,2023-04-20 18:01:49,1596.2,69.8,175.7,14.8,365.3,35.5,54385.3,695.0,95.8,18.5,14.9,4.2,27.1,9.1,532.2,62.4,93.4,57.5,4719.5,42.8
1,COLD,2023-04-24 19:37:18,578.6,30.9,233.3,8.3,357.0,26.4,50265.9,936.5,33.3,12.5,19.4,7.9,29.9,1.2,1724.6,114.2,188.7,30.8,4364.1,68.6
1,COLD,2023-04-25 14:29:51,150.7,29.2,18.1,12.6,107.6,3.2,16778.0,240.8,47.2,15.8,4.9,3.2,28.5,17.3,1177.7,157.2,719.5,71.4,4706.2,113.7
1,COLD,2023-04-26 10:01:27,144.4,6.4,11.1,1.2,163.2,32.4,47403.3,537.3,13.2,3.2,2.8,2.4,11.8,4.8,1287.3,122.3,198.2,9.5,4071.4,71.4
1,COLD,2023-04-26 17:29:20,206.9,18.2,36.1,16.8,162.5,22.5,50531.5,244.4,14.6,4.2,6.5,4.5,5.6,6.3,1006.1,40.3,183.9,19.9,4292.5,53.3
1,COLD,2023-04-27 10:25:23,148.6,14.8,12.5,2.1,157.6,9.8,46215.2,349.4,13.2,6.0,0.0,0.0,10.6,4.2,876.2,51.0,98.0,12.2,4055.4,90.7
1,COLD,2023-05-01 11:26:55,179.9,14.2,11.1,2.4,170.1,34.3,52897.0,553.1,15.3,5.2,1.5,1.4,14.6,9.5,843.9,31.9,48.5,67.7,4462.1,71.3
1,COLD,2023-05-01 18:17:40,185.4,9.1,31.9,12.6,234.7,30.4,48546.4,367.3,16.0,6.4,2.1,2.1,20.1,4.3,944.9,204.4,135.6,41.1,4328.7,80.0
1,COLD,2023-05-02 18:13:46,377.1,42.8,86.1,15.6,712.8,36.1,56053.1,698.0,39.6,4.2,5.6,5.2,70.8,27.6,245.7,9.7,35.9,26.8,4742.4,233.1
1,COLD,2023-05-03 19:24:33,370.9,38.0,77.8,9.8,534.1,2.4,55677.5,889.9,36.1,4.3,5.6,1.2,42.4,3.2,159.9,14.7,32.6,24.8,4854.3,52.4
1,COLD,2023-05-04 10:38:08,303.5,19.4,36.8,10.3,318.8,22.1,62439.3,136.1,24.3,5.2,1.4,1.2,16.7,6.2,269.4,34.3,80.2,7.4,5519.7,77.4
1,COLD,2023-05-04 16:19:35,390.3,7.3,85.4,13.0,494.5,31.0,56874.1,1140.7,36.1,5.2,5.3,2.9,40.3,11.5,249.8,67.6,28.2,23.7,4989.2,69.9
1,COLD,2023-05-08 11:33:19,233.3,38.2,25.7,6.4,252.1,11.0,57743.6,212.4,16.0,3.2,1.4,1.2,11.1,3.2,415.3,26.7,21.0,29.1,5145.6,206.5
1,COLD,2023-05-08 18:26:09,373.6,19.3,215.3,35.0,519.5,39.4,53540.4,369.8,19.4,9.4,16.7,0.0,40.3,17.5,739.7,81.5,53.5,18.2,4772.3,173.6
1,COLD,2023-05-09 19:35:45,206.2,30.7,20.8,2.1,316.7,11.0,56750.6,1190.0,20.1,5.2,0.0,0.0,23.6,5.2,523.3,41.3,47.8,36.7,5063.6,52.6
1,COLD,2023-05-10 15:17:11,1508.0,80.1,161.8,15.9,616.2,58.8,60088.6,491.2,129.9,16.7,16.0,3.2,59.7,10.7,441.5,52.3,90.5,46.1,5334.0,272.5
1,COLD,2023-05-11 09:15:19,437.6,46.6,34.0,11.5,343.8,48.1,55440.5,1340.5,44.4,15.9,2.8,2.4,35.4,2.1,719.1,76.5,54.4,48.5,4922.4,68.8
1,COLD,2023-05-15 08:20:34,559.8,62.6,41.0,7.9,375.0,48.5,52704.1,626.1,36.2,2.5,0.9,1.5,25.0,8.3,566.8,45.6,492.7,60.5,4877.2,110.0
1,COLD,2023-05-16 09:44:36,0.0,0.0,0.0,0.0,0.0,0.0,0.0,0.0,27.1,8.3,0.7,1.3,25.7,4.3,304.7,63.2,81.9,68.8,4854.3,141.8
1,COLD,2023-05-16 17:23:47,265.3,2.4,16.0,1.2,231.9,22.9,41118.4,899.2,20.1,13.4,2.1,2.1,21.5,6.4,246.7,28.0,80.6,48.7,3673.7,42.2
1,COLD,2023-05-17 08:30:35,250.7,14.8,11.1,10.5,182.6,22.3,51188.6,569.5,20.8,7.2,0.7,1.2,16.0,3.2,391.9,20.4,210.1,39.0,4703.4,83.0
1,COLD,2023-05-17 17:37:36,993.6,51.3,40.3,9.4,211.8,24.1,40484.0,538.2,97.2,7.3,5.0,4.6,17.4,6.0,490.8,25.0,167.0,10.6,3559.0,11.5
1,COLD,2023-05-18 19:20:11,1465.6,71.4,75.7,9.8,298.6,15.9,41873.6,929.8,128.5,12.7,9.2,1.1,19.4,10.3,362.9,57.0,185.0,33.1,3893.4,60.5
1,COLD,2023-05-19 14:22:26,1401.0,50.1,77.1,4.2,261.8,11.8,40278.6,244.3,116.7,19.9,7.4,9.1,21.0,4.0,313.5,17.6,72.5,45.0,3590.2,23.1
1,COLD,2023-05-22 12:25:01,341.7,7.5,102.8,9.4,776.0,25.0,54235.8,741.6,25.0,11.0,8.3,4.2,86.1,15.1,489.1,68.8,235.4,10.6,5032.4,35.4
1,COLD,2023-05-22 19:01:39,224.3,7.3,9.7,5.2,492.4,7.9,46965.7,696.8,20.8,9.1,2.8,4.8,45.1,7.3,396.6,50.6,195.2,45.8,4419.0,232.0
1,COLD,2023-05-23 11:40:41,261.8,10.5,9.7,6.0,296.6,9.8,47695.8,298.3,27.1,4.2,2.1,2.1,25.0,7.5,261.5,37.0,142.5,124.9,4652.0,221.1
1,COLD,2023-05-23 14:55:16,276.4,24.0,18.1,5.2,411.1,33.5,47806.7,287.1,24.3,11.5,2.9,1.1,34.7,7.3,197.4,27.1,160.2,35.2,4581.7,152.6
1,COLD,2023-05-24 15:01:16,313.2,16.8,32.6,15.4,359.7,45.5,48885.8,802.8,22.2,6.0,2.1,3.6,28.5,1.2,314.4,77.5,78.7,4.2,4549.0,110.4
1,COLD,2023-05-25 17:54:19,441.7,17.8,29.2,11.0,372.9,41.6,48754.2,1248.3,35.4,6.3,2.8,4.8,31.2,9.1,445.4,23.0,99.0,35.5,4437.1,84.0
1,COLD,2023-05-30 11:26:30,952.6,92.6,106.2,24.6,138.9,12.2,46845.8,423.6,109.0,24.9,12.5,5.5,12.5,0.0,345.9,12.8,57.6,8.0,4182.0,81.0
1,COLD,2023-05-30 15:29:42,193.1,22.9,8.3,4.2,275.7,22.5,46321.0,861.7,9.0,4.3,2.2,2.2,20.8,8.3,571.4,91.1,45.4,15.9,4453.8,146.3
1,COLD,2023-05-31 12:54:11,147.2,12.2,3.5,1.2,255.6,32.0,43704.2,1238.6,19.4,10.3,0.0,0.0,16.0,6.7,643.9,47.1,67.5,17.2,4012.3,101.3
1,COLD,2023-06-01 10:13:06,172.9,7.5,12.5,6.2,124.3,25.2,42135.0,904.7,18.1,1.2,0.0,0.0,8.7,4.2,331.4,15.1,71.9,19.8,3901.7,43.8
1,COLD,2023-06-02 15:09:54,279.2,36.5,13.9,2.4,304.2,3.6,45992.5,794.5,28.5,8.4,4.2,4.2,19.4,3.2,213.2,11.3,43.8,13.5,4439.9,49.0
1,COLD,2023-06-05 11:32:59,199.3,30.4,16.0,10.3,232.6,19.4,44210.0,1058.1,21.5,7.9,0.0,0.0,23.6,6.0,500.1,44.9,74.9,15.2,4065.1,72.4
1,COLD,2023-06-05 21:31:41,297.9,25.3,26.4,1.2,214.6,13.0,46499.2,1014.6,28.5,6.0,1.4,2.4,23.6,12.2,581.1,35.1,132.5,14.2,4423.9,170.5
1,COLD,2023-06-06 17:26:33,340.3,24.0,33.3,3.6,282.6,31.3,49303.9,488.2,34.4,7.4,2.2,3.8,31.4,11.2,356.5,69.8,75.3,4.0,4620.7,64.5
1,COLD,2023-06-06 21:08:28,347.9,3.6,39.6,10.4,243.8,6.2,47784.3,1908.2,26.2,3.1,2.9,2.5,22.2,6.0,739.6,121.7,564.1,98.3,4399.5,198.4
1,COLD,2023-06-07 14:49:52,365.3,44.9,45.8,9.5,395.2,24.7,48141.2,323.5,27.8,5.2,2.8,2.4,31.2,5.5,350.9,50.2,177.3,51.8,4355.8,67.9
1,COLD,2023-06-08 09:51:35,177.1,13.0,13.9,3.2,172.2,12.6,42705.2,741.5,13.2,2.4,0.7,1.2,12.3,6.3,354.8,54.0,73.5,17.4,3866.9,113.1
1,COLD,2023-06-12 19:56:00,2678.8,75.1,104.2,9.5,486.2,14.2,53295.7,583.6,252.8,13.9,10.4,5.5,45.8,8.3,196.8,9.6,121.4,27.8,5138.7,126.4
1,COLD,2023-06-13 20:24:47,1017.9,3.1,101.4,29.9,379.9,31.6,52775.2,448.2,81.9,4.3,11.1,4.3,34.7,4.3,231.0,40.7,108.8,29.3,5013.5,198.5
1,COLD,2023-06-14 15:52:27,343.1,11.5,11.8,2.4,297.9,13.7,52256.6,621.4,33.3,5.5,0.7,1.2,25.7,1.2,191.3,27.1,94.3,23.6,4922.4,60.5
1,COLD,2023-06-16 15:27:07,1226.5,78.9,53.5,7.9,348.0,12.7,49226.5,495.8,113.2,11.8,11.0,5.9,23.6,4.3,141.2,20.7,49.5,24.6,4625.6,44.2
1,COLD,2023-06-19 19:37:01,1107.6,130.9,399.3,16.9,554.3,24.0,50209.2,584.5,90.3,16.2,32.3,19.3,59.7,15.6,242.5,14.7,58.6,31.1,4874.5,53.5
1,COLD,2023-06-20 15:18:00,0.0,0.0,0.0,0.0,0.0,0.0,0.0,0.0,20.6,2.5,2.9,1.4,17.4,5.2,118.8,28.1,85.2,14.0,4437.1,70.2
1,COLD,2023-06-21 16:50:31,318.8,35.6,12.5,4.2,349.3,14.8,49358.1,334.4,22.2,3.2,1.4,1.2,33.3,7.5,244.4,21.3,88.9,21.7,4636.7,259.2
1,COLD,2023-06-26 15:03:21,12909.5,586.4,25.7,10.3,278.5,36.5,47399.8,679.6,1281.4,122.7,0.0,0.0,27.7,17.9,587.6,39.6,526.1,54.5,4421.1,58.1
1,COLD,2023-06-26 16:02:48,5264.6,128.2,22.2,8.4,272.2,23.0,47061.7,1001.7,497.3,53.6,2.1,2.1,22.2,3.2,666.1,26.6,704.0,39.0,4467.0,159.3
1,COLD,2023-06-26 21:46:28,5984.3,330.7,38.9,10.5,324.3,6.7,47562.1,545.0,537.6,18.5,3.5,4.3,29.2,5.5,221.0,14.3,45.2,8.2,4701.4,45.8
1,COLD,2023-06-27 18:22:38,4591.5,97.0,967.9,20.2,789.2,21.3,45475.3,355.6,408.4,33.3,86.8,21.7,81.9,16.2,513.7,32.3,84.5,21.8,4479.5,209.3
1,COLD,2023-06-28 17:15:18,4205.6,195.3,1159.7,82.1,1077.0,40.1,45454.5,285.9,335.4,19.9,106.2,29.4,112.5,32.1,600.9,24.5,118.9,15.1,4385.7,146.8
1,COLD,2023-06-28 21:50:47,1281.4,135.9,20.8,6.3,325.0,2.1,45981.6,466.6,129.9,40.4,1.4,2.4,26.4,11.5,244.5,28.4,171.1,8.3,4410.0,218.2
1,COLD,2023-06-30 12:04:01,3779.4,92.8,1329.3,106.4,1166.0,85.6,46882.5,284.1,337.5,38.2,125.0,26.1,110.4,19.9,593.7,13.3,174.6,37.3,4467.0,58.0
1,COLD,2023-07-06 15:56:36,530.0,12.7,36.1,3.2,195.8,22.0,66212.2,180.1,41.0,13.9,3.5,3.2,10.4,8.3,19.4,7.8,3.5,6.0,4690.2,9.5
1,COLD,2023-07-11 18:22:52,1492.0,156.7,321.6,66.2,686.3,26.8,74738.0,560.8,67.4,13.2,13.2,1.2,32.6,8.4,103.3,18.4,8.8,1.6,3899.7,70.5
1,COLD,2023-07-12 17:45:27,654.4,17.1,60.4,18.0,436.1,41.4,73101.5,489.8,37.5,9.5,2.1,2.1,24.3,15.9,85.5,24.6,7.1,2.1,4058.9,8.4
1,COLD,2023-07-13 15:05:29,504.3,42.8,77.8,18.2,1401.7,19.4,65447.0,311.4,19.4,1.2,8.3,7.5,68.7,18.2,62.1,16.8,16.7,8.3,3538.8,117.4
1,COLD,2023-07-17 11:41:57,1216.8,21.1,161.1,25.9,758.7,23.0,64647.5,1212.3,77.1,2.1,12.5,7.5,39.6,9.1,111.8,16.7,11.1,6.7,3631.3,97.0
1,COLD,2023-07-18 18:40:36,380.6,40.3,29.2,7.5,218.7,23.7,66500.6,1265.6,21.5,11.5,1.4,2.4,13.2,5.2,121.3,15.3,39.0,29.7,3721.0,45.3
1,COLD,2023-07-19 16:56:16,377.8,6.7,47.9,9.5,284.0,38.0,68127.0,699.3,27.1,10.8,0.7,1.2,9.0,6.0,123.8,23.6,26.4,1.2,3608.4,54.9
1,COLD,2023-07-21 10:45:22,481.3,33.3,45.1,14.6,227.1,7.5,65535.0,1034.7,28.5,1.2,0.9,1.5,9.7,6.4,136.0,8.3,33.3,7.2,3499.2,95.9
1,COLD,2023-07-21 15:38:42,651.6,60.7,46.5,13.9,227.1,35.0,67475.1,362.9,28.5,8.4,1.4,2.4,7.6,6.4,220.8,17.5,40.9,7.2,3409.5,172.1
1,COLD,2023-07-24 13:11:31,2265.8,53.7,402.8,26.1,338.2,34.0,63884.2,1769.8,104.2,25.3,25.7,3.2,24.3,7.3,175.7,14.9,3.4,3.6,3367.1,109.4
1,COLD,2023-07-24 19:39:56,1377.3,80.4,112.5,23.5,345.2,10.7,64396.7,465.2,65.3,11.5,4.2,2.1,16.0,8.4,108.6,52.5,2.9,2.5,3335.8,61.4
1,COLD,2023-07-25 11:42:57,381.3,25.2,46.5,14.2,306.2,9.1,64327.0,754.7,26.4,1.2,4.2,2.1,13.2,7.9,151.4,39.2,4.9,3.2,3466.5,23.9
1,COLD,2023-07-25 13:43:36,641.9,57.4,52.8,13.9,253.5,37.5,66353.9,560.9,34.0,5.2,1.4,2.4,12.5,7.2,156.3,32.6,22.9,10.4,3616.0,57.4
1,COLD,2023-07-25 18:16:13,620.3,15.1,59.0,15.8,216.7,13.0,64477.2,1282.7,32.6,4.3,1.4,1.2,8.5,1.9,177.3,26.3,29.9,10.5,3384.5,197.3
1,COLD,2023-07-26 15:21:55,710.0,50.3,58.3,18.2,266.0,49.0,63119.8,883.1,39.6,12.5,5.6,4.3,14.6,5.5,93.0,5.2,34.4,6.1,3114.7,74.9
1,COLD,2023-07-27 14:57:11,643.3,21.3,152.1,10.4,261.8,34.4,68488.4,764.0,44.4,6.7,5.6,1.0,22.2,11.8,115.9,33.4,22.2,1.9,3483.9,114.3
1,COLD,2023-07-27 21:17:42,2851.2,122.3,136.1,9.4,310.4,39.6,66698.5,982.1,129.2,16.7,7.6,3.2,15.3,8.7,179.3,9.0,18.5,1.7,3215.5,121.6
1,COLD,2023-07-28 14:34:33,2758.0,38.3,122.9,18.2,225.0,18.5,63646.3,1133.9,154.2,22.1,9.7,3.2,14.6,2.1,110.2,12.9,16.5,5.7,3340.0,87.3
1,COLD,2023-07-31 16:04:00,274.3,33.0,6.9,5.2,105.6,8.7,49119.1,237.0,25.7,9.6,2.1,2.1,9.7,6.4,130.1,8.8,14.3,3.0,3214.9,87.6
1,COLD,2023-07-31 19:42:50,416.0,16.9,22.9,4.2,170.8,9.1,64123.1,250.6,16.7,8.3,1.4,1.2,7.6,1.2,45.9,14.1,13.2,6.4,3221.8,164.7
1,COLD,2023-08-01 13:13:22,365.3,38.8,21.5,10.5,186.1,25.5,60702.3,726.6,23.6,2.4,1.4,2.4,9.0,4.3,207.9,56.3,5.5,2.8,3129.3,151.8
1,COLD,2023-08-01 19:46:55,317.5,19.3,14.2,7.85,216.7,28.7,54910.7,481.8,13.3,3.2,2.0,0.0,10.3,2.1,91.5,10.5,4.1,1.1,3172.1000000000000,119.7
1,COLD,2023-08-02 11:39:49,660.6,25.6,121.5,18.0,210.4,16.3,64884.9,219.5,41.7,7.5,6.9,4.8,11.8,6.4,176.9,22.6,12.3,9.0,3435.9,23.0
1,COLD,2023-08-02 16:19:54,623.1,45.2,120.8,11.0,208.3,27.3,60331.4,1099.0,31.9,16.8,4.2,2.1,6.2,2.1,157.5,52.5,14.9,6.3,3196.7,60.4
1,COLD,2023-08-03 10:24:26,307.0,25.1,18.7,9.5,156.9,2.4,57164.7,281.4,11.8,3.2,2.2,2.1,4.9,5.2,65.7,12.2,11.4,3.7,2850.5,113.9
1,COLD,2023-08-04 11:36:11,416.0,22.9,80.6,25.1,153.5,20.4,39079.1,161.9,30.6,6.0,6.9,3.2,11.1,7.3,29.8,5.5,16.0,7.3,2950.6,13.7
1,COLD,2023-08-08 09:50:29,438.2,27.2,50.0,14.6,146.5,19.7,69299.6,1345.8,17.4,7.9,2.1,2.1,4.2,2.1,121.2,25.6,9.9,3.0,3454.7,64.1
1,COLD,2023-08-08 17:29:10,2746.2,15.7,46.5,2.4,131.9,17.3,59264.1,1407.4,147.9,10.4,2.8,3.2,4.2,4.2,41.8,10.6,3.0,5.1,3404.6,79.1
1,COLD,2023-08-09 17:27:10,361.8,18.7,35.4,9.5,69.4,2.4,69685.0,1132.6,13.2,1.2,0.7,1.2,4.2,0.0,48.2,16.0,1.4,1.2,3658.4,82.4
1,COLD,2023-08-10 13:42:22,461.2,54.8,159.7,38.7,273.95,20.15,71647.0,336.9,16.7,6.2,6.9,1.2,13.550000000000000,4.75,60.3,11.0,17.4,14.8,3551.4,115.2
1,COLD,2023-08-10 17:21:55,463.2,29.2,98.6,6.4,478.5,37.9,70992.2,810.4,18.7,5.5,5.6,7.9,22.9,9.5,46.6,5.2,11.2,6.2,3530.5,35.7
1,COLD,2023-08-11 14:05:21,669.7,42.8,106.9,39.2,417.4,87.1,76327.4,1165.3,38.2,19.7,5.6,3.2,20.1,5.2,57.9,7.4,10.6,5.7,3705.0,132.6
1,COLD,2023-08-14 11:32:20,510.5,23.2,89.6,5.5,226.4,20.2,68670.3,972.4,28.5,9.4,6.2,4.2,9.7,6.4,39.3,10.9,18.1,6.4,3507.5,45.2
1,COLD,2023-08-14 16:19:31,381.3,28.9,23.6,3.2,175.7,21.0,50124.8,588.4,12.5,0.0,2.1,0.0,9.7,6.4,49.2,13.0,6.8,2.7,2404.8,115.1
1,COLD,2023-08-15 15:21:57,448.0,7.5,52.1,16.3,163.2,15.6,53668.1,625.7,21.5,4.3,0.7,1.2,7.6,1.2,12.0,2.7,2.6,2.4,2714.9,107.5
1,COLD,2023-08-16 11:06:34,86.1,15.9,2.1,2.1,47.9,4.2,14574.6,278.8,20.8,6.3,2.1,2.1,6.4,3.8,49.8,6.8,3.5,0.6,2568.2,96.0
1,COLD,2023-08-18 16:31:00,649.5,55.2,91.7,16.7,322.9,32.6,71581.3,258.3,31.2,6.2,5.6,3.2,18.1,4.3,78.5,17.0,11.1,7.3,3564.6,33.4
1,COLD,2023-08-22 19:33:21,384.1,25.2,38.2,6.4,193.1,17.3,44054.3,899.6,16.0,7.3,5.6,3.2,13.9,6.4,13.9,4.3,6.5,5.3,2297.0,48.3
1,COLD,2023-08-23 15:56:53,332.7,37.1,18.1,6.0,197.2,20.6,57252.5,234.7,11.8,2.4,1.4,2.4,11.1,5.2,36.8,3.9,9.5,8.0,2916.5,94.0
1,COLD,2023-08-28 16:24:51,1862.5,157.4,181.2,24.0,1969.6,80.9,42709.7,534.2,96.5,10.7,15.3,6.0,92.4,15.8,100.7,26.4,9.7,3.3,2188.0,36.8
1,COLD,2023-08-29 08:05:29,283.3,7.2,25.0,16.5,218.7,19.9,56443.7,797.2,11.1,8.4,2.1,2.1,18.1,5.2,23.9,13.8,4.2,5.5,2733.7,15.0
1,COLD,2023-08-29 18:08:59,400.7,55.2,23.6,5.2,145.8,22.0,55803.9,667.6,29.2,7.5,0.7,1.2,9.0,6.4,42.5,10.1,7.1,2.9,2806.7,99.8
1,COLD,2023-08-30 14:03:36,394.5,28.4,34.0,6.4,130.6,27.7,55344.5,229.0,15.3,7.9,1.4,1.2,13.9,11.5,85.7,24.3,8.5,8.2,2744.1,142.2
1,COLD,2023-09-01 15:02:49,520.9,65.1,72.9,4.2,192.4,23.0,61201.4,337.1,22.2,15.9,4.9,2.4,6.2,3.6,376.9,93.1,6.9,1.2,2996.5,98.2
1,COLD,2023-09-05 21:14:04,290.3,62.7,23.6,8.7,137.5,19.9,60461.3,579.0,20.8,4.2,2.8,2.4,9.0,2.4,135.1,37.7,10.0,5.7,3013.2,78.0
1,COLD,2023-09-06 09:51:03,341.7,28.2,38.2,5.2,238.2,17.7,60312.1,853.7,17.4,6.0,4.2,3.6,14.6,7.2,373.2,85.2,14.6,5.5,2820.6,70.7
1,COLD,2023-09-06 16:28:11,5550.4,943.9,192.4,22.9,529.3,54.5,58692.7,1242.4,316.0,9.8,7.6,5.2,21.5,6.0,313.2,29.3,28.7,12.9,2987.5,138.9
1,COLD,2023-09-06 19:13:13,309.0,37.4,18.1,6.4,195.8,16.7,62198.7,913.9,22.2,6.4,0.0,0.0,7.6,2.4,197.7,46.5,4.6,4.2,3044.5,58.4
1,COLD,2023-09-07 12:48:20,15619.9,237.3,275.0,13.7,408.4,20.1,59370.1,410.0,718.3,25.1,20.8,6.2,19.4,4.3,1588.0,66.7,31.2,12.5,2896.4,26.1
1,COLD,2023-09-11 16:07:10,14337.7,266.1,298.6,36.7,450.8,18.7,60323.2,1216.8,698.9,53.2,18.1,2.4,25.7,2.4,1471.2,16.8,39.9,5.9,2803.9,11.5
1,COLD,2023-09-12 19:37:01,301.4,13.5,10.4,4.2,170.1,36.4,63264.5,561.8,13.9,4.3,0.0,0.0,8.3,2.1,364.7,46.4,3.1,2.8,3002.1,130.2
1,COLD,2023-09-13 12:24:08,423.0,47.4,32.6,8.4,111.8,8.4,59604.2,1414.5,21.5,11.8,2.8,3.2,4.9,2.4,578.2,105.8,4.1,3.7,2933.3,29.5
1,COLD,2023-09-13 19:24:11,278.5,19.7,29.9,16.2,161.1,12.7,56588.2,59.5,15.3,4.3,1.4,1.2,7.6,5.2,291.9,42.6,0.0,0.0,2656.5,58.0
1,COLD,2023-09-14 12:53:10,1437.1,25.1,170.1,27.2,150.7,22.9,56529.1,364.8,68.7,15.7,10.4,2.1,5.6,2.4,484.9,68.6,8.7,5.7,2745.5,84.4
1,COLD,2023-09-18 18:58:13,983.9,38.2,103.5,17.7,169.4,5.2,61085.5,1107.7,48.6,9.8,7.6,3.2,9.0,6.4,265.7,30.0,8.3,5.3,2863.0,25.3
1,COLD,2023-09-19 16:54:41,277.1,49.3,13.9,4.8,138.9,16.2,55952.6,1081.8,13.9,3.2,0.0,0.0,3.5,1.2,114.8,33.3,2.8,3.2,2628.7,171.1
1,COLD,2023-09-20 13:51:09,186.1,38.4,16.0,2.4,125.7,24.1,51363.0,508.1,9.0,6.4,0.0,0.0,2.8,2.4,368.8,56.3,7.0,8.4,2366.6,68.4
1,COLD,2023-09-21 18:15:23,269.5,30.7,13.9,6.4,136.1,24.1,50150.0,468.1,9.7,4.3,0.7,1.2,6.9,1.2,182.8,26.5,3.1,1.0,2436.8,45.1
1,COLD,2023-09-25 18:28:16,239.6,7.5,22.2,10.5,235.4,16.5,54540.5,231.7,10.4,2.1,0.7,1.2,10.5,5.4,297.0,95.4,8.3,4.2,2618.3,45.3
1,COLD,2023-09-26 14:59:46,392.4,9.6,95.8,11.0,292.4,49.7,54334.5,260.9,13.2,6.7,6.9,6.0,15.3,4.3,164.2,23.7,3.7,1.1,2589.1,33.3
1,COLD,2023-09-27 14:32:35,351.4,33.9,72.9,11.0,254.9,16.7,46709.0,230.9,22.2,6.0,3.5,1.2,9.7,6.4,175.0,24.1,6.2,4.2,2592.6,30.5
1,COLD,2023-09-27 21:21:46,265.3,68.4,21.5,17.7,182.6,76.7,53829.7,489.9,13.9,9.4,0.7,1.2,7.6,4.3,73.9,5.5,6.4,1.8,2563.3,104.3
1,COLD,2023-09-29 13:23:34,404.2,35.1,76.4,3.2,311.8,16.7,52941.0,570.9,20.1,4.3,5.6,3.2,12.5,5.5,425.1,72.5,12.5,5.5,2507.8,132.8
1,COLD,2023-10-03 12:27:55,344.5,50.4,116.7,15.0,611.3,23.2,61486.8,664.7,16.0,6.4,6.2,2.1,32.6,2.4,329.0,70.5,10.8,7.9,3329.5,95.0
1,COLD,2023-10-03 19:51:30,443.8,25.4,216.7,28.2,971.4,64.8,61072.4,673.2,35.4,23.5,17.4,5.2,62.5,4.2,415.1,98.9,19.8,14.7,3321.2,117.6
1,COLD,2023-10-04 13:58:12,332.0,18.7,57.6,15.4,382.7,6.4,60662.0,937.6,18.1,4.8,4.9,3.2,16.7,7.2,190.3,25.0,11.7,8.9,3477.7,79.6
1,COLD,2023-10-10 17:11:31,171.5,9.4,9.7,3.2,124.3,15.1,52361.3,552.1,22.2,13.4,4.9,5.2,6.2,0.0,1734.9,105.0,8.9,7.9,2943.0,41.4
1,COLD,2023-10-11 14:27:19,226.4,22.3,68.1,19.4,259.7,37.9,52354.6,664.3,18.1,9.8,4.2,2.1,13.9,4.3,1055.1,52.5,13.2,6.4,2879.0,55.4
1,COLD,2023-10-17 09:00:02,249.3,38.7,20.1,3.2,133.3,3.6,45568.5,333.3,9.0,1.2,1.4,1.2,9.7,6.0,1110.0,73.4,15.3,3.2,2632.9,58.5
1,COLD,2023-10-17 18:52:34,394.5,30.3,98.6,11.8,416.0,49.1,44867.3,348.6,24.3,10.5,9.7,4.3,27.8,7.3,169.0,79.8,13.9,6.7,2614.1,46.2
1,COLD,2023-10-17 20:30:48,266.0,60.5,29.9,15.6,200.7,33.1,45224.0,566.3,16.7,0.0,1.4,2.4,7.6,6.4,149.0,3.2,6.9,7.3,2550.9,81.8
1,COLD,2023-10-18 11:25:53,274.3,24.0,22.2,9.6,179.2,9.5,42370.9,787.0,13.9,4.3,1.4,1.2,9.0,4.3,59.8,22.9,5.4,6.0,2487.6,54.6
1,COLD,2023-10-23 12:18:47,253.5,41.4,6.2,6.2,52.1,13.0,39231.8,547.6,13.9,6.7,0.0,0.0,2.8,2.4,59.0,19.4,2.5,2.2,2390.3,38.3
1,COLD,2023-10-25 11:27:36,208.3,20.8,52.8,7.3,105.6,17.0,38883.1,322.2,14.6,6.2,2.8,1.2,4.9,2.4,66.0,11.1,3.8,3.4,2300.6,104.0
1,COLD,2023-10-30 15:28:16,234.0,60.3,54.2,28.9,128.5,41.4,40505.0,582.4,7.6,5.2,0.0,0.0,4.2,3.6,1532.6,237.0,5.7,5.3,2409.0,39.6
1,COLD,2023-10-30 18:24:54,125.7,30.9,6.2,9.1,68.7,9.1,40161.9,651.9,6.3,5.5,2.1,3.6,3.5,2.4,1512.3,356.0,4.1,2.0,2526.5,47.4
1,COLD,2023-10-31 16:26:46,160.4,32.7,14.6,2.1,102.8,15.6,36171.0,396.9,6.9,1.2,2.1,2.1,4.2,2.1,345.6,81.9,0.7,1.3,2112.8,147.7
1,COLD,2023-11-02 12:31:19,260.4,32.7,3.5,3.2,181.9,23.2,40420.0,463.5,18.4,2.2,2.8,4.8,16.7,9.1,334.3,9.8,6.6,1.6,2463.9,103.2
1,COLD,2023-11-03 16:36:11,573.0,34.4,182.6,7.9,192.4,25.1,40925.0,166.3,29.2,3.6,12.5,3.6,11.8,2.4,292.6,96.3,5.4,0.9,2399.9,27.4
1,COLD,2023-11-06 18:46:37,117.4,23.7,6.9,2.4,65.3,16.8,15991.0,185.2,11.8,4.3,0.7,1.2,6.9,4.8,125.3,19.7,2.2,0.1,2238.0,62.6
1,COLD,2023-11-07 18:46:12,600.9,42.2,188.9,17.5,195.8,15.0,41068.1,739.9,34.7,6.4,16.7,7.5,9.7,2.4,104.6,13.1,2.1,3.6,2292.2,118.0
1,COLD,2023-11-08 11:47:15,241.7,14.6,15.3,10.3,142.4,19.4,40482.6,224.1,12.5,5.5,0.0,0.0,11.8,4.3,90.4,37.3,1.6,1.4,2270.0,65.0
1,COLD,2023-11-10 15:30:52,628.7,62.8,56.9,8.7,63.2,12.7,7242.4,63.5,159.7,1.2,9.7,5.2,9.0,6.7,251.6,38.5,18.7,5.5,2217.1,115.5
1,COLD,2023-11-13 16:30:05,245.1,17.5,20.1,4.3,155.6,24.4,40788.6,658.0,13.9,6.7,1.4,2.4,12.2,2.5,89.7,17.8,5.9,2.6,2194.9,139.2
1,COLD,2023-11-15 17:45:37,267.4,10.3,29.9,14.8,246.5,5.2,39454.8,145.9,13.2,3.2,0.7,1.2,7.6,4.8,91.0,27.1,5.5,1.2,2268.6,82.6
1,COLD,2023-11-17 14:41:16,2885.3,119.2,252.1,5.5,224.3,14.2,36360.6,171.0,131.9,18.2,18.1,10.3,11.1,6.7,271.1,29.1,12.4,7.6,2282.5,101.0
1,COLD,2023-11-20 11:37:38,284.7,59.6,9.7,6.0,148.6,6.7,35997.0,398.1,11.1,2.4,0.0,0.0,11.1,4.3,82.8,33.4,4.1,5.4,2349.2,30.3
1,COLD,2023-11-21 16:45:00,1284.2,110.4,59.0,84.2,234.0,41.7,35328.4,413.4,68.7,9.5,0.7,1.3,7.6,4.3,154.3,17.9,11.6,8.4,2361.0,78.4
1,COLD,2023-11-22 09:30:13,1145.1,48.3,19.4,9.4,186.1,23.7,34267.5,362.9,63.9,12.7,2.1,2.1,11.1,3.2,199.9,9.3,4.7,2.8,2502.9,66.0
1,COLD,2023-11-27 18:16:13,1371.0,60.5,186.1,17.7,216.7,25.3,38761.1,203.8,88.2,10.7,12.0,2.2,11.8,6.4,188.4,15.6,12.0,5.6,2806.0,94.3
1,COLD,2023-11-28 15:44:03,1269.6,25.3,15.3,6.4,213.9,11.8,35860.4,506.7,72.2,7.3,1.4,1.2,22.9,5.5,329.4,25.1,37.7,16.1,2947.8,52.0
1,COLD,2023-11-28 17:56:16,1209.8,40.5,26.4,13.9,195.1,44.0,36397.3,72.1,84.7,9.8,1.4,2.4,17.4,4.3,318.5,55.9,42.5,13.3,2949.9,107.6
1,COLD,2023-11-30 18:03:05,3729.3,83.6,138.9,18.7,428.5,6.7,55441.3,533.5,262.5,29.5,9.7,7.9,33.3,8.3,292.6,33.3,141.0,8.9,4686.0,94.7
1,COLD,2023-12-05 19:25:28,1546.2,109.6,47.2,11.5,504.9,16.9,48595.9,112.6,65.3,17.3,0.0,0.0,20.1,4.8,50.3,22.2,12.3,5.8,2005.8,27.1
1,COLD,2023-12-06 15:57:44,1924.4,69.2,100.7,7.3,639.8,61.1,65659.3,297.8,58.3,15.0,3.5,3.2,20.8,7.5,381.9,68.3,6.9,4.3,2547.4,54.8
1,COLD,2023-12-07 17:09:52,1863.3,123.3,126.4,6.7,457.0,57.8,63828.1,612.2,61.1,15.4,2.8,1.2,15.3,4.3,227.9,35.5,14.6,5.8,2377.0,97.7
1,COLD,2023-12-08 16:48:36,1742.9,23.7,139.6,15.0,484.8,27.8,62309.4,976.9,70.1,12.7,4.9,3.2,23.6,3.2,250.3,38.1,16.0,10.3,2503.6,127.7
1,COLD,2023-12-09 12:32:12,1775.0,62.1,401.4,30.5,787.2,16.2,60526.2,420.5,60.4,8.3,16.5,8.7,27.1,10.4,430.7,83.6,4.3,2.1,2345.1,118.0
1,COLD,2023-12-09 16:52:51,1133.3,28.0,28.5,8.7,172.9,12.5,60133.2,883.1,42.4,8.4,0.7,1.2,5.6,4.3,297.8,26.1,7.8,7.7,2306.8,140.9
1,COLD,2023-12-11 15:30:00,910.2,80.8,27.1,7.2,181.9,14.6,53196.9,689.8,38.9,20.9,1.4,2.4,7.6,2.4,375.8,36.8,7.1,2.9,2082.9,45.2
1,COLD,2023-12-12 15:41:01,1775.7,190.9,116.0,16.7,575.2,36.1,59782.5,259.4,52.8,20.4,8.5,1.9,17.4,1.2,720.0,128.3,18.7,4.5,2137.2,67.2
1,COLD,2023-12-12 18:44:47,1610.9,97.0,135.4,23.2,526.5,41.7,59151.1,656.9,64.6,19.9,3.6,0.9,13.9,4.3,861.1,153.4,20.3,7.2,2041.2,74.6
1,COLD,2023-12-13 15:29:58,1624.1,38.3,134.7,24.9,536.2,24.9,57215.7,416.7,38.2,6.7,1.4,1.2,12.5,5.5,901.6,156.9,14.6,6.6,2073.9,11.9
1,COLD,2023-12-15 17:58:11,1059.6,50.1,25.0,3.6,207.6,15.8,62709.8,699.1,54.9,13.4,4.2,3.6,11.8,2.4,527.5,99.8,8.0,1.7,2324.9,172.7
1,COLD,2023-12-17 13:54:49,982.5,74.5,23.6,5.2,201.4,17.0,57363.9,1067.2,52.1,10.4,2.1,3.6,6.2,2.1,450.3,144.9,15.7,6.8,2336.7,147.4
1,COLD,2023-12-18 14:53:59,1531.6,107.4,34.7,5.2,197.9,16.5,54303.2,762.1,51.4,8.7,0.0,0.0,4.9,5.2,489.8,33.0,4.2,2.1,2026.7,53.2
1,COLD,2023-12-21 14:33:38,1061.1,15.7,45.1,20.0,601.6,36.4,57344.2,471.8,56.2,26.6,2.8,4.8,41.7,12.7,1943.5,71.6,38.9,7.9,2934.0,112.7
1,COLD,2023-12-22 08:47:38,1017.9,122.0,67.4,15.6,1625.5,46.6,57758.9,984.2,52.8,7.9,6.2,2.1,106.9,9.8,553.4,65.8,61.1,12.7,3235.7,72.9
1,COLD,2023-12-31 13:53:16,914.4,70.9,17.4,8.4,237.5,17.8,50967.8,1241.2,40.3,5.2,0.0,0.0,15.3,4.3,1550.6,163.6,15.5,6.1,2851.9,60.3
1,COLD,2024-01-03 13:05:57,828.1,75.3,28.5,2.4,180.6,17.7,46215.6,629.8,45.1,6.0,0.7,1.2,13.2,6.4,674.2,176.0,10.7,2.5,2904.7,166.4
1,COLD,2024-01-05 14:24:56,1004.0,112.7,22.2,17.0,273.6,24.3,50329.2,1151.1,44.4,13.4,5.0,1.1,16.0,5.2,752.7,35.0,15.3,4.3,3144.6,158.0
1,COLD,2024-01-09 18:11:26,1106.2,60.8,22.2,13.9,849.7,84.9,52135.6,663.1,93.1,17.7,2.8,4.8,48.6,12.0,173.2,26.8,31.9,11.2,3100.8,77.6
1,COLD,2024-01-09 20:52:40,1261.2,45.7,231.2,22.0,307.0,45.5,53125.9,497.5,86.8,24.1,11.8,4.8,26.4,8.7,191.9,39.6,4.5,0.3,3274.6,40.6
1,COLD,2024-01-10 09:30:45,1014.5,52.9,18.1,6.0,298.6,9.8,50519.7,355.1,68.1,14.2,0.8,1.4,16.0,3.2,352.7,61.2,41.7,7.2,3138.4,75.8
1,COLD,2024-01-15 20:09:36,874.7,22.9,25.0,14.6,212.5,38.6,56019.4,99.7,57.6,21.1,1.5,1.3,6.9,6.4,286.7,27.7,7.0,4.7,3625.1,29.6
1,COLD,2024-01-16 14:23:38,1649.1,299.4,79.2,9.5,177.8,7.9,59531.7,1051.2,71.5,22.9,2.1,3.6,13.2,6.0,226.0,57.2,13.0,9.4,3759.9,320.5
1,COLD,2024-01-17 14:57:13,986.0,90.3,37.5,39.7,212.5,41.6,56297.7,364.3,64.6,15.7,2.3,2.4,9.7,3.2,296.2,20.3,4.5,0.3,3507.5,29.2
1,COLD,2024-01-23 16:36:57,2130.2,39.9,530.0,54.9,420.2,14.2,54685.4,59.7,142.4,15.9,32.6,11.8,19.4,3.2,245.2,30.6,13.2,3.2,3454.0,124.9
1,COLD,2024-01-24 10:24:29,927.5,49.3,13.9,9.4,104.2,15.0,56720.0,992.9,66.7,7.5,0.0,0.0,4.2,4.2,331.1,103.4,5.0,4.4,3548.6,50.9
1,COLD,2024-01-25 12:20:33,952.6,52.7,11.8,7.9,90.3,25.5,56601.8,631.8,50.0,9.5,1.4,2.4,7.0,4.3,286.4,106.3,3.4,1.2,3559.7,33.6
1,COLD,2024-01-30 13:49:08,1064.5,83.7,17.4,4.3,54.2,14.6,60808.7,385.2,61.1,6.0,0.0,0.0,2.1,2.1,199.8,5.8,5.8,3.4,3760.6,56.0
1,COLD,2024-01-31 12:13:17,942.9,53.8,4.2,2.1,47.9,11.6,57049.2,498.4,50.7,11.5,0.7,1.2,6.2,2.1,363.9,36.0,5.6,3.2,3338.6,171.0
1,COLD,2024-02-01 12:21:01,1021.4,27.4,7.6,3.2,43.1,10.5,58727.2,276.9,66.0,4.3,0.0,0.0,1.4,2.4,117.0,38.9,4.2,4.2,3635.6,141.6
1,COLD,2024-02-01 19:13:46,1044.4,71.0,12.5,3.6,49.3,6.0,57728.5,436.1,61.1,17.3,0.7,1.2,3.4,2.3,180.8,79.3,5.1,2.9,3540.2,113.5
1,COLD,2024-02-02 13:56:16,815.0,58.0,24.3,3.2,47.2,13.9,49556.4,155.3,66.7,25.3,2.1,2.1,3.6,4.3,121.3,39.3,10.6,8.6,3602.9,69.5
1,COLD,2024-02-02 13:56:16,815.0,58.0,24.3,3.2,47.2,13.9,49556.4,155.3,66.7,25.3,2.1,2.1,3.6,4.3,121.3,39.3,10.6,8.6,3602.9,69.5
1,COLD,2024-02-08 12:32:26,1077.7,29.4,11.1,4.3,65.3,1.2,44323.8,114.5,48.6,2.4,0.0,0.0,6.2,4.2,184.8,57.7,7.4,8.5,2807.4,90.7
1,COLD,2024-02-09 10:16:43,3891.3,109.8,467.5,37.5,678.0,33.2,46476.3,308.9,225.9,24.5,26.3,8.4,44.8,6.4,736.9,119.9,70.3,8.7,3061.9,87.1
1,COLD,2024-02-09 16:04:02,3917.1,246.9,445.9,46.9,617.5,35.8,47509.7,231.4,229.2,44.1,32.6,5.2,21.5,11.5,468.6,57.9,45.1,8.4,2991.0,135.7
1,COLD,2024-02-12 17:42:49,719.7,25.3,9.7,3.2,109.7,13.4,43841.7,378.4,56.9,9.8,0.7,1.2,6.9,3.2,309.9,56.1,3.6,3.2,2859.6,60.0
1,COLD,2024-02-13 10:38:27,726.7,28.0,3.5,4.3,77.1,12.5,45179.4,349.7,43.1,15.4,0.0,0.0,3.6,3.2,279.7,58.7,4.6,5.8,2878.3,47.4
1,COLD,2024-02-13 16:12:22,657.1,74.3,16.0,15.9,115.3,4.8,44785.7,858.9,52.1,5.5,0.7,1.2,6.2,2.1,217.2,47.9,7.1,3.9,2673.2,85.4
1,COLD,2024-02-14 10:14:49,682.2,28.5,1.4,2.4,72.9,18.2,42559.3,720.6,43.1,11.5,0.0,0.0,4.9,2.3,509.3,36.9,4.6,0.8,2785.9,60.1
1,COLD,2024-02-14 14:59:35,719.8,56.3,6.2,5.5,61.8,7.9,46019.0,557.1,39.6,5.5,0.0,0.0,4.2,3.6,421.3,95.0,9.0,4.8,3047.3,41.8
1,COLD,2024-02-19 18:32:29,639.8,62.6,4.9,6.7,80.6,9.8,42874.0,376.2,44.4,24.9,0.7,1.2,6.9,6.4,470.4,161.5,6.2,4.2,2721.2,68.2
1,COLD,2024-02-20 12:01:55,650.2,87.4,9.0,6.4,89.6,25.0,43938.5,578.2,35.4,7.5,0.7,1.3,8.3,3.6,578.5,38.4,9.7,6.1,2692.7,79.0
1,COLD,2024-02-27 14:46:15,714.9,42.1,38.9,21.4,323.6,15.9,42035.1,598.4,42.4,4.3,2.8,4.8,20.8,3.6,559.5,78.9,32.6,11.5,2483.4,132.5
1,COLD,2024-02-28 10:16:06,636.3,39.5,26.4,10.5,54.9,3.2,41773.8,212.8,39.6,12.7,1.4,1.2,2.8,3.2,515.0,63.2,6.0,1.8,2529.3,37.6
1,COLD,2024-03-01 15:11:32,732.9,71.9,28.5,3.2,269.4,1.2,43573.2,408.2,48.6,8.4,1.4,1.2,12.5,11.0,549.0,44.2,36.2,8.6,2696.8,93.5
1,COLD,2024-03-06 15:16:34,1231.4,52.4,68.7,7.5,337.5,27.3,38641.7,570.9,84.7,11.8,3.6,1.0,21.5,8.4,609.3,43.5,57.3,6.7,2375.0,9.0
1,COLD,2024-03-07 11:51:01,484.8,16.9,2.8,1.2,64.6,11.0,40545.4,1214.9,28.5,8.4,3.1,3.7,2.1,2.1,451.6,110.1,4.0,0.8,2457.0,119.8
1,COLD,2024-03-14 17:50:54,409.7,76.5,7.6,2.4,36.8,10.5,37984.1,274.0,17.5,7.6,2.2,2.1,2.1,2.1,2349.3,371.4,7.5,4.5,2473.0,200.2
1,COLD,2024-03-15 07:37:10,767.0,9.6,41.7,10.8,56.9,16.7,36554.7,127.3,40.3,5.2,3.5,3.2,0.7,1.2,2772.0,150.9,5.9,1.5,2306.2,88.7
1,COLD,2024-03-15 09:29:25,403.5,33.2,34.0,5.2,107.6,12.7,33924.3,336.4,24.3,4.3,4.9,2.4,9.0,4.3,6074.6,109.8,7.8,2.9,2187.9,83.1
1,COLD,2024-03-18 10:30:42,377.1,31.1,2.8,1.2,37.5,16.3,38204.6,822.1,20.1,6.0,1.4,1.2,4.2,0.0,349.3,180.8,1.1,1.9,2189.3,133.7
1,COLD,2024-03-20 09:45:23,762.8,75.8,8.3,7.5,92.4,4.8,49628.3,1084.7,36.8,14.8,0.0,0.0,6.9,10.3,5808.1,36.1,6.6,5.2,2967.3,38.3
1,COLD,2024-03-20 15:18:38,2319.3,46.9,131.3,27.1,246.5,15.4,48951.0,452.5,159.7,45.7,14.6,4.2,18.7,3.6,3324.5,118.9,26.4,4.3,2940.9,29.8
1,COLD,2024-03-20 18:17:10,1280.7,52.3,188.9,30.4,457.7,28.9,48133.5,339.8,84.0,15.9,12.5,8.3,22.2,5.2,4730.3,174.4,37.7,7.4,2927.0,64.8
1,COLD,2024-03-22 10:48:01,917.9,6.0,46.5,4.3,358.3,23.2,53151.6,427.5,45.1,20.6,5.6,3.2,25.7,4.8,4368.6,555.3,35.6,9.2,3246.8,31.5
1,COLD,2024-03-25 16:36:07,736.4,18.2,45.1,4.8,338.9,6.4,54908.3,1103.7,41.7,4.2,2.1,2.1,22.2,6.0,2499.2,340.9,50.0,7.5,3411.6,110.2
1,COLD,2024-03-26 15:11:41,1170.9,50.1,178.5,14.8,398.0,52.1,40529.6,615.1,75.7,28.4,7.6,6.7,27.1,5.5,526.5,43.3,45.8,3.6,2466.7,36.2
1,COLD,2024-03-28 14:31:40,1689.4,38.7,249.3,19.4,452.2,39.6,47183.1,678.7,104.2,8.3,12.5,4.2,29.9,17.5,160.4,34.4,35.2,13.2,2822.0,89.0
1,COLD,2024-03-28 18:19:09,1435.7,74.9,223.6,31.9,398.7,40.8,44826.9,533.8,97.2,3.2,11.8,6.7,25.7,4.8,330.5,32.9,40.3,10.5,2754.6,71.3
1,COLD,2024-03-29 08:59:39,1348.1,101.8,211.8,12.7,426.4,3.2,44624.4,909.5,84.0,32.3,18.1,5.2,25.0,6.2,483.0,72.0,46.5,15.6,2550.9,49.5
1,COLD,2024-04-01 16:33:43,406.3,80.2,21.5,9.4,172.2,10.3,36485.6,736.8,23.6,4.3,1.4,1.2,8.3,4.2,139.7,23.0,7.2,5.2,2203.2,95.3
1,COLD,2024-04-03 10:00:39,4446.3,175.3,637.7,29.2,122.2,22.3,38105.8,420.5,254.2,26.6,42.4,6.7,6.2,2.1,1066.6,61.5,8.3,2.1,2367.3,101.9
1,COLD,2024-04-04 17:11:35,1049.2,50.1,66.7,5.5,703.7,52.4,52746.6,438.5,66.0,4.3,5.6,4.3,45.1,15.6,9.7,1.2,34.7,12.6,3088.3,70.2
1,COLD,2024-04-05 16:08:02,1043.0,30.9,129.9,8.4,1038.1,60.8,48396.4,548.2,66.7,13.7,9.0,1.2,45.8,14.6,25.0,7.5,127.8,9.9,2883.2,202.3
1,COLD,2024-04-09 15:48:33,744.1,70.6,22.2,2.4,242.4,36.6,43556.4,609.7,52.1,9.5,0.7,1.2,21.5,7.3,10.9,6.1,83.6,8.9,2809.5,78.9
1,COLD,2024-04-10 18:07:41,759.3,25.2,61.8,15.4,281.9,36.4,45214.5,449.0,36.1,8.4,3.5,2.4,16.7,2.1,6.2,1.9,67.4,10.3,2918.6,124.4
1,COLD,2024-04-11 17:43:50,1189.7,94.5,410.5,27.6,1033.3,35.5,42585.5,140.6,84.0,15.9,31.2,10.4,67.4,5.2,63.9,25.9,120.8,10.4,2913.8,77.1
1,COLD,2024-04-16 17:23:05,1642.2,51.2,27.8,10.3,107.6,6.7,52579.2,239.6,113.3,23.1,3.0,5.1,2.8,4.8,2.2,2.1,40.6,3.3,3647.3,68.7
1,COLD,2024-04-17 17:17:25,5449.9,6070.2,45.8,11.6,150.7,33.2,52775.7,108.6,130.0,19.5,2.4,2.4,9.0,5.2,29.4,19.2,34.1,11.3,3535.3,153.5
1,COLD,2024-04-22 13:39:35,2120.5,105.3,377.1,42.6,947.7,86.1,56875.8,250.7,128.5,12.7,27.8,4.3,59.7,4.3,25.7,7.9,188.2,7.9,3793.3,329.5
1,COLD,2024-04-23 17:06:06,1984.9,135.5,300.7,32.6,753.8,34.4,53823.4,995.7,124.3,4.3,17.4,7.9,34.7,8.4,29.4,12.3,143.7,10.4,3454.0,73.1
1,COLD,2024-04-24 12:17:07,1850.7,98.0,29.9,11.5,202.1,28.9,58499.8,600.1,133.3,5.5,1.4,2.4,17.4,3.2,10.6,0.4,27.5,4.7,3861.4,136.1
1,COLD,2024-04-26 16:29:05,1625.5,22.3,27.8,6.7,156.2,35.0,52461.6,447.6,112.5,11.0,5.6,4.3,16.0,9.4,8.1,3.2,15.8,3.5,3586.8,116.3
1,COLD,2024-04-27 09:55:59,1738.1,4.8,22.2,15.9,88.2,5.2,52171.0,510.1,91.0,14.2,0.0,0.0,4.2,3.6,7.2,5.3,25.7,3.1,3434.5,143.2
1,COLD,2024-04-29 19:02:50,1749.2,66.8,33.3,2.1,293.8,249.4,55804.5,479.1,107.6,20.6,2.8,1.2,7.6,1.2,11.5,7.0,22.9,8.3,3687.6,81.0
1,COLD,2024-05-01 15:49:56,1591.4,47.5,21.5,4.3,75.0,4.2,50823.4,235.9,102.1,18.2,0.0,0.0,3.5,1.2,10.4,4.6,26.2,3.6,3351.1,113.9
1,COLD,2024-05-02 13:42:28,3552.0,137.7,70.1,6.0,110.4,5.5,48201.8,361.3,229.2,10.8,2.8,3.2,2.8,3.2,20.5,14.4,25.7,13.6,3220.4,117.8
1,COLD,2024-05-02 16:55:10,1494.8,25.6,42.4,4.8,225.0,18.2,47486.3,653.9,93.1,11.5,0.7,1.2,18.1,9.4,10.9,5.0,24.3,9.8,3269.1,63.7
1,COLD,2024-05-06 15:30:45,1713.1,96.4,13.9,8.7,66.0,10.5,53550.9,526.0,102.8,21.9,0.0,0.0,10.4,4.2,10.2,3.6,14.6,2.1,3524.2,25.3
1,COLD,2024-05-06 17:14:27,1675.6,100.1,16.7,7.5,294.6,368.5,54258.0,764.9,118.7,14.6,2.1,2.1,2.8,1.2,7.4,7.0,17.4,11.5,3420.0,184.9
1,COLD,2024-05-07 14:32:21,1464.2,92.4,33.3,2.1,124.3,18.7,49247.2,641.7,90.3,11.8,4.3,2.1,6.9,1.2,2.7,2.6,13.9,6.7,3287.8,61.7
1,COLD,2024-05-13 14:40:48,1870.2,105.5,106.2,7.5,127.1,11.6,50898.9,387.9,117.4,10.7,11.1,4.3,5.6,5.2,22.5,1.8,28.5,5.2,3280.9,13.9
1,COLD,2024-05-14 12:32:29,1469.1,28.7,11.1,10.7,106.2,16.5,47343.4,294.2,104.9,21.3,0.0,0.0,9.7,9.4,8.5,7.3,13.9,4.9,3045.2,167.5
1,COLD,2024-05-14 18:17:13,1862.6,24.2,125.7,9.8,173.6,29.2,47649.1,462.9,119.4,24.0,12.5,2.1,9.7,1.2,16.2,4.9,33.3,4.2,3130.0,22.0
1,COLD,2024-05-15 12:13:31,1462.1,41.0,17.4,8.4,113.2,39.2,44394.1,256.4,100.7,25.0,1.4,1.2,0.7,1.2,7.8,4.0,19.6,2.6,2831.0,113.3
1,COLD,2024-05-16 15:00:52,1341.2,40.7,8.3,0.0,58.3,16.3,45986.2,362.2,100.0,13.7,3.5,1.2,2.1,3.6,7.0,2.9,12.7,7.4,3072.3,144.0
1,COLD,2024-05-18 10:47:07,1612.3,43.3,63.2,15.6,202.8,31.3,48477.1,603.8,91.7,23.7,2.8,1.2,9.1,4.2,15.7,8.7,19.6,9.2,3063.1,177.1
1,COLD,2024-05-20 15:40:01,1672.8,80.2,36.1,15.4,154.9,21.1,53523.8,491.9,97.9,7.5,2.8,1.2,9.7,3.2,7.1,1.7,18.1,7.9,3495.0,14.6
1,COLD,2024-05-21 11:40:57,1861.2,114.0,56.9,21.3,322.9,45.1,48033.0,937.7,123.6,8.7,7.6,6.7,24.3,3.2,43.7,5.5,15.5,3.9,3178.0,47.0
1,COLD,2024-05-23 14:00:32,1554.6,68.3,45.1,13.9,166.0,14.2,46758.8,274.8,97.2,13.9,4.2,2.1,4.9,2.4,11.4,4.7,19.0,10.3,3103.6,178.1
1,COLD,2024-05-28 10:22:58,1751.4,73.3,53.5,17.0,234.7,30.9,47452.2,257.5,109.0,35.8,2.1,0.0,15.9,6.6,24.1,6.5,12.4,2.8,3241.2,53.3
1,COLD,2024-05-31 10:24:19,1994.6,56.0,39.6,5.5,104.2,21.8,43040.3,305.2,118.1,16.7,2.1,2.1,6.2,3.6,11.8,0.7,13.7,9.3,2814.3,18.8
1,COLD,2024-05-31 13:47:47,2054.5,125.3,46.5,11.5,81.2,25.6,44984.0,675.1,136.8,6.0,6.9,3.2,4.2,3.6,16.0,5.2,18.1,3.2,2916.6,98.1
1,COLD,2024-06-01 16:13:55,1563.6,29.5,54.2,15.7,218.8,21.8,47358.0,195.4,94.4,22.9,4.2,4.2,14.6,5.5,20.6,11.9,22.5,7.9,3152.9,108.5
1,COLD,2024-06-03 13:48:17,1766.6,18.9,88.2,8.7,222.2,10.5,54429.8,610.9,118.1,12.7,6.2,4.2,20.1,3.2,15.6,1.9,25.7,11.5,3485.3,159.3
1,COLD,2024-06-04 11:05:18,1730.5,9.5,77.1,11.6,256.3,17.1,50275.0,425.5,116.0,7.9,2.1,2.1,13.9,4.8,18.7,7.2,20.8,3.6,3235.0,124.1
1,COLD,2024-06-06 16:43:16,1764.5,151.5,26.4,1.2,121.5,15.8,53008.5,557.0,116.7,26.6,2.9,3.4,4.9,3.2,8.0,7.2,14.6,5.5,3467.2,245.9
1,COLD,2024-06-08 13:29:17,1700.6,35.5,58.3,7.2,411.1,24.4,47082.8,253.0,127.8,10.3,4.2,7.2,21.5,6.4,10.4,4.2,11.4,1.7,2986.8,116.7
1,COLD,2024-06-10 19:09:02,1688.8,126.7,76.4,19.4,391.0,15.9,48884.2,887.2,101.4,16.2,4.2,2.1,25.0,9.5,17.6,7.9,18.9,6.7,3186.3,48.6
1,COLD,2024-06-11 15:29:45,1742.3,126.1,76.4,15.8,370.2,37.6,47764.6,450.2,120.1,22.5,9.0,7.3,17.4,5.2,12.9,3.3,9.4,1.0,3057.0,115.4
1,COLD,2024-06-12 15:49:39,1626.2,38.3,56.2,16.3,125.0,3.6,46735.3,459.8,77.8,6.4,4.9,1.2,4.2,2.1,6.9,6.4,14.4,2.9,3143.2,27.2
1,COLD,2024-06-14 16:09:02,1457.3,32.5,41.0,6.4,138.9,17.5,43543.2,693.8,88.9,7.3,2.8,2.4,9.0,3.2,9.3,2.6,29.3,18.2,2806.0,50.1
1,COLD,2024-06-17 17:12:42,1647.0,38.7,70.1,11.5,223.6,19.8,50365.7,539.1,87.5,0.0,2.1,2.1,17.4,14.2,13.4,3.4,16.0,1.2,3424.8,23.1
1,COLD,2024-06-18 10:52:40,1732.5,43.8,90.3,18.0,1298.0,75.6,46628.7,188.5,101.4,4.3,5.6,1.2,72.9,3.6,23.5,6.0,24.6,10.7,3120.2,57.0
1,COLD,2024-06-19 10:12:07,1520.5,66.2,10.4,2.1,127.8,21.3,45525.8,734.0,120.8,4.2,0.0,0.0,9.7,5.2,4.0,4.9,15.8,8.2,2930.4,85.6